phase,policy_role,terrain,episode,episode_in_terrain,steps,episode_return,ended,terminated_by_target,truncated_by_episode_length,success,remaining_distance_cm,forward_progress_cm,final_z_cm,target_z_cm,individual_alpha,population_alpha,individual_replay_size,population_replay_size,layout,A_width_ratio,A_attack_angle_deg,B_width_ratio,B_attack_angle_deg
train,individual,carpet,1,1,175,66.49948911470022,True,False,True,False,108.3310546875,-18.15604066848755,23.331056594848633,-85.0,0.009999999776482582,0.009999999776482582,175,175,homogeneous,0.9,30.0,0.9,30.0
train,individual,carpet,2,2,175,71.82252502991918,True,False,True,False,120.56689453125,-29.52715301513672,35.566890716552734,-85.0,0.009999999776482582,0.009999999776482582,350,350,homogeneous,0.9,30.0,0.9,30.0
train,individual,carpet,3,3,175,89.32202026550088,True,False,True,False,72.74826049804688,16.763230800628662,-12.251738548278809,-85.0,0.009999999776482582,0.009999999776482582,525,525,homogeneous,0.9,30.0,0.9,30.0
train,individual,carpet,4,4,175,58.98851189950373,True,False,True,False,134.33628845214844,-43.54622793197632,49.33628845214844,-85.0,0.009999999776482582,0.009999999776482582,700,700,homogeneous,0.9,30.0,0.9,30.0
train,individual,carpet,5,5,175,-3.070970370251884,True,False,True,False,111.37396240234375,-20.667968273162842,26.373958587646484,-85.0,0.009656078182160854,0.009656078182160854,875,875,homogeneous,0.9,30.0,0.9,30.0
train,individual,carpet,6,6,175,75.58649141955722,True,False,True,False,98.74920654296875,-8.726033210754395,13.7492094039917,-85.0,0.00924969557672739,0.00924969557672739,1050,1050,homogeneous,0.9,30.0,0.9,30.0
train,individual,carpet,7,7,175,68.93130650063284,True,False,True,False,79.509765625,11.56483793258667,-5.490235328674316,-85.0,0.008781036362051964,0.008781036362051964,1225,1225,homogeneous,0.9,30.0,0.9,30.0
train,individual,carpet,8,8,175,80.53839573946374,True,False,True,False,88.62483978271484,1.3651845455169678,3.6248419284820557,-85.0,0.008261439390480518,0.008261439390480518,1400,1400,homogeneous,0.9,30.0,0.9,30.0
train,individual,carpet,9,9,175,109.10316732760111,True,False,True,False,59.64374542236328,32.31467008590698,-25.35625457763672,-85.0,0.007702954579144716,0.007702954579144716,1575,1575,homogeneous,0.9,30.0,0.9,30.0
train,individual,carpet,10,10,175,98.7648418817958,True,False,True,False,88.5744857788086,0.5524845123291016,3.574488639831543,-85.0,0.007124999072402716,0.007124999072402716,1750,1750,homogeneous,0.9,30.0,0.9,30.0
train,individual,carpet,11,11,175,91.03732291766414,True,False,True,False,91.73246765136719,-0.07717180252075195,6.732469081878662,-85.0,0.0065313647501170635,0.0065313647501170635,1925,1925,homogeneous,0.9,30.0,0.9,30.0
train,individual,carpet,12,12,175,111.00472490244965,True,False,True,False,61.267478942871094,29.897306442260742,-23.73252296447754,-85.0,0.005933551117777824,0.005933551117777824,2100,2100,homogeneous,0.9,30.0,0.9,30.0
train,individual,carpet,13,13,175,113.13720188935832,True,False,True,False,61.10215377807617,29.412956714630127,-23.897846221923828,-85.0,0.005368937738239765,0.005368937738239765,2275,2275,homogeneous,0.9,30.0,0.9,30.0
train,individual,carpet,14,14,175,100.06737569058971,True,False,True,False,75.17485046386719,13.799800872802734,-9.825145721435547,-85.0,0.004858050961047411,0.004858050961047411,2450,2450,homogeneous,0.9,30.0,0.9,30.0
train,individual,carpet,15,15,175,98.50250065764898,True,False,True,False,91.30811309814453,-0.9396581649780273,6.308115482330322,-85.0,0.00439577829092741,0.00442483089864254,2625,2625,homogeneous,0.9,30.0,0.9,30.0
train,individual,carpet,16,16,175,100.91612016620977,True,False,True,False,78.11015319824219,12.642681121826172,-6.889849662780762,-85.0,0.00397749338299036,0.004032529424875975,2800,2800,homogeneous,0.9,30.0,0.9,30.0
train,individual,carpet,17,17,175,107.4044735412381,True,False,True,False,74.1016616821289,15.684168815612793,-10.898341178894043,-85.0,0.003599011106416583,0.0036697746254503727,2975,2975,homogeneous,0.9,30.0,0.9,30.0
train,individual,carpet,18,18,175,101.40965175906375,True,False,True,False,79.25707244873047,10.932796478271484,-5.742930889129639,-85.0,0.0032565435394644737,0.0033210439141839743,3150,3150,homogeneous,0.9,30.0,0.9,30.0
train,individual,carpet,19,19,175,110.75558757707138,True,False,True,False,64.64656829833984,27.417137622833252,-20.35343360900879,-85.0,0.002946663647890091,0.0030325474217534065,3325,3325,homogeneous,0.9,30.0,0.9,30.0
train,individual,carpet,20,20,175,104.02740987534561,True,False,True,False,83.01481628417969,8.039799928665161,-1.985187292098999,-85.0,0.0027006370946764946,0.0029489086009562016,3500,3500,homogeneous,0.9,30.0,0.9,30.0
train,individual,carpet,21,21,175,109.0081286395813,True,False,True,False,74.46573638916016,16.86633539199829,-10.534262657165527,-85.0,0.002458050847053528,0.002717129420489073,3675,3675,homogeneous,0.9,30.0,0.9,30.0
train,individual,carpet,22,22,175,110.14990913413259,True,False,True,False,69.58345031738281,21.95056676864624,-15.416550636291504,-85.0,0.002285329857841134,0.002526654163375497,3850,3850,homogeneous,0.9,30.0,0.9,30.0
train,individual,carpet,23,23,175,100.81174090022039,True,False,True,False,79.71278381347656,11.707727432250977,-5.287215709686279,-85.0,0.0021493351086974144,0.0023446138948202133,4025,4025,homogeneous,0.9,30.0,0.9,30.0
train,individual,carpet,24,24,175,97.43694447413176,True,False,True,False,89.53257751464844,-0.7348740100860596,4.532576560974121,-85.0,0.0019756786059588194,0.002359080594033003,4200,4200,homogeneous,0.9,30.0,0.9,30.0
train,individual,carpet,25,25,175,95.90703348186878,True,False,True,False,79.23216247558594,11.239789485931396,-5.767834663391113,-85.0,0.0018909071804955602,0.0024951836094260216,4375,4375,homogeneous,0.9,30.0,0.9,30.0
train,individual,carpet,26,26,175,105.10518854368448,True,False,True,False,76.30196380615234,13.200131893157959,-8.698039054870605,-85.0,0.0017834220780059695,0.0024755157064646482,4550,4550,homogeneous,0.9,30.0,0.9,30.0
train,individual,carpet,27,27,175,98.52693258729705,True,False,True,False,77.20893096923828,11.4645836353302,-7.7910685539245605,-85.0,0.0017830258002504706,0.002569080563262105,4725,4725,homogeneous,0.9,30.0,0.9,30.0
train,individual,carpet,28,28,175,99.30711590125429,True,False,True,False,79.8053207397461,10.652164459228516,-5.194682598114014,-85.0,0.0018482647137716413,0.002534583443775773,4900,4900,homogeneous,0.9,30.0,0.9,30.0
train,individual,carpet,29,29,175,101.2670839045498,True,False,True,False,78.76068878173828,11.33791971206665,-6.239309787750244,-85.0,0.0017494247294962406,0.002338227815926075,5075,5075,homogeneous,0.9,30.0,0.9,30.0
train,individual,carpet,30,30,175,106.05543707260401,True,False,True,False,77.59048461914062,11.85953664779663,-7.4095139503479,-85.0,0.0016790577210485935,0.0024448393378406763,5250,5250,homogeneous,0.9,30.0,0.9,30.0
train,individual,cardboard,31,1,175,141.6329117691148,True,False,True,False,30.321632385253906,58.6473548412323,-54.678367614746094,-85.0,0.009999999776482582,0.002575682243332267,175,5425,homogeneous,0.9,30.0,0.9,30.0
train,individual,cardboard,32,2,175,126.93946472325217,True,False,True,False,35.16935348510742,54.828208923339844,-49.83064651489258,-85.0,0.009999999776482582,0.002575682243332267,350,5600,homogeneous,0.9,30.0,0.9,30.0
train,individual,cardboard,33,3,175,108.53354743272061,True,False,True,False,34.643836975097656,56.10213041305542,-50.356163024902344,-85.0,0.009999999776482582,0.002575682243332267,525,5775,homogeneous,0.9,30.0,0.9,30.0
train,individual,cardboard,34,4,175,110.64024357383728,True,False,True,False,41.38385009765625,48.25495719909668,-43.61614990234375,-85.0,0.009999999776482582,0.002575682243332267,700,5950,homogeneous,0.9,30.0,0.9,30.0
train,individual,cardboard,35,5,175,52.887042542233495,True,False,True,False,83.96817779541016,6.8883216381073,-1.0318214893341064,-85.0,0.009656078182160854,0.0026335460133850574,875,6125,homogeneous,0.9,30.0,0.9,30.0
train,individual,cardboard,36,6,175,-40.8690690616326,True,False,True,False,134.53729248046875,-43.28254222869873,49.537296295166016,-85.0,0.00924969557672739,0.002655230462551117,1050,6300,homogeneous,0.9,30.0,0.9,30.0
train,individual,cardboard,37,7,175,44.80591704039115,True,False,True,False,66.7181396484375,24.747963905334473,-18.281858444213867,-85.0,0.008830537088215351,0.002634770702570677,1225,6475,homogeneous,0.9,30.0,0.9,30.0
train,individual,cardboard,38,8,175,95.79707938067419,True,False,True,False,73.66549682617188,16.750844478607178,-11.334503173828125,-85.0,0.008335578255355358,0.002711942885071039,1400,6650,homogeneous,0.9,30.0,0.9,30.0
train,individual,cardboard,39,9,175,167.94779780657743,True,False,True,False,14.050949096679688,78.00072145462036,-70.94905090332031,-85.0,0.007770880591124296,0.002873004414141178,1575,6825,homogeneous,0.9,30.0,0.9,30.0
train,individual,cardboard,40,10,175,81.71458714692677,True,False,True,False,79.31790924072266,10.228937149047852,-5.682094097137451,-85.0,0.007459700107574463,0.0030299038626253605,1750,7000,homogeneous,0.9,30.0,0.9,30.0
train,individual,cardboard,41,11,175,97.17245491786936,True,False,True,False,71.28390502929688,18.46876621246338,-13.716094017028809,-85.0,0.007078811526298523,0.003138999454677105,1925,7175,homogeneous,0.9,30.0,0.9,30.0
train,individual,cardboard,42,12,175,90.1001572977481,True,False,True,False,61.623592376708984,29.65430498123169,-23.376407623291016,-85.0,0.0066904230043292046,0.003279685042798519,2100,7350,homogeneous,0.9,30.0,0.9,30.0
train,individual,cardboard,43,13,172,208.3404522375731,True,True,False,True,-1.0796966552734375,89.6280689239502,-86.07969665527344,-85.0,0.006279199384152889,0.003539493540301919,2272,7522,homogeneous,0.9,30.0,0.9,30.0
train,individual,cardboard,44,14,175,62.91866808247366,True,False,True,False,85.25955200195312,7.613547652959824,0.25955262780189514,-85.0,0.006057343445718288,0.0035764325875788927,2447,7697,homogeneous,0.9,30.0,0.9,30.0
train,individual,cardboard,45,15,175,79.14135433166162,True,False,True,False,80.8915023803711,9.7984938621521,-4.108497142791748,-85.0,0.006147861480712891,0.0035816854797303677,2622,7872,homogeneous,0.9,30.0,0.9,30.0
train,individual,cardboard,46,16,175,62.71537030663534,True,False,True,False,103.78547668457031,-13.578528881072998,18.785472869873047,-85.0,0.005982706788927317,0.003791606519371271,2797,8047,homogeneous,0.9,30.0,0.9,30.0
train,individual,cardboard,47,17,175,105.53464053175928,True,False,True,False,60.00235366821289,30.19411611557007,-24.99764633178711,-85.0,0.006055891048163176,0.0038882202934473753,2972,8222,homogeneous,0.9,30.0,0.9,30.0
train,individual,cardboard,48,18,175,77.50622660617158,True,False,True,False,58.56354904174805,30.365174055099487,-26.436450958251953,-85.0,0.0065681710839271545,0.003910536412149668,3147,8397,homogeneous,0.9,30.0,0.9,30.0
train,individual,cardboard,49,19,175,189.34674025269115,True,False,True,False,25.150802612304688,65.40257406234741,-59.84919738769531,-85.0,0.0070941392332315445,0.003946713637560606,3322,8572,homogeneous,0.9,30.0,0.9,30.0
train,individual,cardboard,50,20,175,174.1407047181916,True,False,True,False,26.656841278076172,63.812803745269775,-58.34315872192383,-85.0,0.007265301886945963,0.0037640163209289312,3497,8747,homogeneous,0.9,30.0,0.9,30.0
train,individual,cardboard,51,21,175,121.34646135427562,True,False,True,False,49.2103271484375,39.80702352523804,-35.7896728515625,-85.0,0.006948455236852169,0.0033949806820601225,3672,8922,homogeneous,0.9,30.0,0.9,30.0
train,individual,cardboard,52,22,175,93.85429558281974,True,False,True,False,84.57528686523438,5.0254829823970795,-0.4247148931026459,-85.0,0.00704308832064271,0.0034873299300670624,3847,9097,homogeneous,0.9,30.0,0.9,30.0
train,individual,cardboard,53,23,175,98.02417040494059,True,False,True,False,64.31209564208984,26.040282249450684,-20.68790626525879,-85.0,0.00771930580958724,0.0038065172266215086,4022,9272,homogeneous,0.9,30.0,0.9,30.0
train,individual,cardboard,54,24,175,167.94191015458168,True,False,True,False,22.675922393798828,65.73965096473694,-62.32407760620117,-85.0,0.00803701113909483,0.0039048867765814066,4197,9447,homogeneous,0.9,30.0,0.9,30.0
train,individual,cardboard,55,25,175,138.38399498468124,True,False,True,False,38.1513671875,52.58725452423096,-46.8486328125,-85.0,0.007982589304447174,0.003967123106122017,4372,9622,homogeneous,0.9,30.0,0.9,30.0
train,individual,cardboard,56,26,175,137.78479292096452,True,False,True,False,34.506717681884766,55.4673228263855,-50.493282318115234,-85.0,0.007933693937957287,0.003976801410317421,4547,9797,homogeneous,0.9,30.0,0.9,30.0
train,individual,cardboard,57,27,175,111.28721880218102,True,False,True,False,56.422794342041016,33.715384006500244,-28.577205657958984,-85.0,0.008122246712446213,0.004089631140232086,4722,9972,homogeneous,0.9,30.0,0.9,30.0
train,individual,cardboard,58,28,175,106.34343819595547,True,False,True,False,54.64635467529297,36.293437004089355,-30.35364532470703,-85.0,0.007902668789029121,0.004291778430342674,4897,10147,homogeneous,0.9,30.0,0.9,30.0
train,individual,cardboard,59,29,175,179.67818224797725,True,False,True,False,13.697929382324219,75.43676900863647,-71.30207061767578,-85.0,0.007908874191343784,0.004269197583198547,5072,10322,homogeneous,0.9,30.0,0.9,30.0
train,individual,cardboard,60,30,175,120.43017680833576,True,False,True,False,51.0859489440918,37.533764362335205,-33.9140510559082,-85.0,0.007841446436941624,0.0043051401153206825,5247,10497,homogeneous,0.9,30.0,0.9,30.0
