design_index,checkpoint,tag,replay,terrain,rollout_index,width_ratio,actual_width,attack_angle_deg,return,length,max_episodes_per_design_terrain
0,2026_05_18_DesignCycle0_ep76,scale_ab_carpet_cardboard,replay_2026_05_18_DesignCycle0_scale_ab_carpet_cardboard.pt,cardboard,0,0.63,5.3999999999999995,0.0,-13.46636069276761,175,30
0,2026_05_18_DesignCycle0_ep76,scale_ab_carpet_cardboard,replay_2026_05_18_DesignCycle0_scale_ab_carpet_cardboard.pt,cardboard,1,0.63,5.3999999999999995,0.0,-17.945642542829855,175,30
0,2026_05_18_DesignCycle0_ep76,scale_ab_carpet_cardboard,replay_2026_05_18_DesignCycle0_scale_ab_carpet_cardboard.pt,cardboard,2,0.63,5.3999999999999995,0.0,-12.588229706940014,175,30
0,2026_05_18_DesignCycle0_ep76,scale_ab_carpet_cardboard,replay_2026_05_18_DesignCycle0_scale_ab_carpet_cardboard.pt,cardboard,3,0.63,5.3999999999999995,0.0,-21.639937829325348,175,30
0,2026_05_18_DesignCycle0_ep76,scale_ab_carpet_cardboard,replay_2026_05_18_DesignCycle0_scale_ab_carpet_cardboard.pt,cardboard,4,0.63,5.3999999999999995,0.0,-4.9060064536913774,175,30
0,2026_05_18_DesignCycle0_ep76,scale_ab_carpet_cardboard,replay_2026_05_18_DesignCycle0_scale_ab_carpet_cardboard.pt,cardboard,5,0.63,5.3999999999999995,0.0,-20.619163122835932,175,30
0,2026_05_18_DesignCycle0_ep76,scale_ab_carpet_cardboard,replay_2026_05_18_DesignCycle0_scale_ab_carpet_cardboard.pt,cardboard,6,0.63,5.3999999999999995,0.0,-1.9330838577467173,175,30
0,2026_05_18_DesignCycle0_ep76,scale_ab_carpet_cardboard,replay_2026_05_18_DesignCycle0_scale_ab_carpet_cardboard.pt,cardboard,7,0.63,5.3999999999999995,0.0,3.961194424077361,175,30
0,2026_05_18_DesignCycle0_ep76,scale_ab_carpet_cardboard,replay_2026_05_18_DesignCycle0_scale_ab_carpet_cardboard.pt,cardboard,8,0.63,5.3999999999999995,0.0,-1.7174859888460372,175,30
0,2026_05_18_DesignCycle0_ep76,scale_ab_carpet_cardboard,replay_2026_05_18_DesignCycle0_scale_ab_carpet_cardboard.pt,cardboard,9,0.63,5.3999999999999995,0.0,0.4754591149728389,175,30
0,2026_05_18_DesignCycle0_ep76,scale_ab_carpet_cardboard,replay_2026_05_18_DesignCycle0_scale_ab_carpet_cardboard.pt,cardboard,10,0.63,5.3999999999999995,0.0,-12.362275113258116,175,30
0,2026_05_18_DesignCycle0_ep76,scale_ab_carpet_cardboard,replay_2026_05_18_DesignCycle0_scale_ab_carpet_cardboard.pt,cardboard,11,0.63,5.3999999999999995,0.0,-2.207372884750078,175,30
0,2026_05_18_DesignCycle0_ep76,scale_ab_carpet_cardboard,replay_2026_05_18_DesignCycle0_scale_ab_carpet_cardboard.pt,cardboard,12,0.63,5.3999999999999995,0.0,-3.5828589285503902,175,30
0,2026_05_18_DesignCycle0_ep76,scale_ab_carpet_cardboard,replay_2026_05_18_DesignCycle0_scale_ab_carpet_cardboard.pt,cardboard,13,0.63,5.3999999999999995,0.0,-10.623164051353049,175,30
0,2026_05_18_DesignCycle0_ep76,scale_ab_carpet_cardboard,replay_2026_05_18_DesignCycle0_scale_ab_carpet_cardboard.pt,cardboard,14,0.63,5.3999999999999995,0.0,-3.4211120122914465,175,30
0,2026_05_18_DesignCycle0_ep76,scale_ab_carpet_cardboard,replay_2026_05_18_DesignCycle0_scale_ab_carpet_cardboard.pt,cardboard,15,0.63,5.3999999999999995,0.0,-9.68725833457756,175,30
0,2026_05_18_DesignCycle0_ep76,scale_ab_carpet_cardboard,replay_2026_05_18_DesignCycle0_scale_ab_carpet_cardboard.pt,cardboard,16,0.63,5.3999999999999995,0.0,3.331704050629001,175,30
0,2026_05_18_DesignCycle0_ep76,scale_ab_carpet_cardboard,replay_2026_05_18_DesignCycle0_scale_ab_carpet_cardboard.pt,cardboard,17,0.63,5.3999999999999995,0.0,-8.641244636048746,175,30
0,2026_05_18_DesignCycle0_ep76,scale_ab_carpet_cardboard,replay_2026_05_18_DesignCycle0_scale_ab_carpet_cardboard.pt,cardboard,18,0.63,5.3999999999999995,0.0,-0.013469299351069997,175,30
0,2026_05_18_DesignCycle0_ep76,scale_ab_carpet_cardboard,replay_2026_05_18_DesignCycle0_scale_ab_carpet_cardboard.pt,cardboard,19,0.63,5.3999999999999995,0.0,-2.9846558355952313,175,30
0,2026_05_18_DesignCycle0_ep76,scale_ab_carpet_cardboard,replay_2026_05_18_DesignCycle0_scale_ab_carpet_cardboard.pt,cardboard,20,0.63,5.3999999999999995,0.0,-4.487181530768492,175,30
0,2026_05_18_DesignCycle0_ep76,scale_ab_carpet_cardboard,replay_2026_05_18_DesignCycle0_scale_ab_carpet_cardboard.pt,cardboard,21,0.63,5.3999999999999995,0.0,-2.280862368605312,175,30
0,2026_05_18_DesignCycle0_ep76,scale_ab_carpet_cardboard,replay_2026_05_18_DesignCycle0_scale_ab_carpet_cardboard.pt,cardboard,22,0.63,5.3999999999999995,0.0,-4.250440059432266,175,30
0,2026_05_18_DesignCycle0_ep76,scale_ab_carpet_cardboard,replay_2026_05_18_DesignCycle0_scale_ab_carpet_cardboard.pt,cardboard,23,0.63,5.3999999999999995,0.0,-6.331434231852982,175,30
0,2026_05_18_DesignCycle0_ep76,scale_ab_carpet_cardboard,replay_2026_05_18_DesignCycle0_scale_ab_carpet_cardboard.pt,cardboard,24,0.63,5.3999999999999995,0.0,1.8146666758773253,175,30
0,2026_05_18_DesignCycle0_ep76,scale_ab_carpet_cardboard,replay_2026_05_18_DesignCycle0_scale_ab_carpet_cardboard.pt,cardboard,25,0.63,5.3999999999999995,0.0,-1.7545076809980227,175,30
0,2026_05_18_DesignCycle0_ep76,scale_ab_carpet_cardboard,replay_2026_05_18_DesignCycle0_scale_ab_carpet_cardboard.pt,cardboard,26,0.63,5.3999999999999995,0.0,-3.2693022529755735,175,30
0,2026_05_18_DesignCycle0_ep76,scale_ab_carpet_cardboard,replay_2026_05_18_DesignCycle0_scale_ab_carpet_cardboard.pt,cardboard,27,0.63,5.3999999999999995,0.0,1.329064487619887,175,30
0,2026_05_18_DesignCycle0_ep76,scale_ab_carpet_cardboard,replay_2026_05_18_DesignCycle0_scale_ab_carpet_cardboard.pt,cardboard,28,0.63,5.3999999999999995,0.0,-2.3483819404979305,175,30
0,2026_05_18_DesignCycle0_ep76,scale_ab_carpet_cardboard,replay_2026_05_18_DesignCycle0_scale_ab_carpet_cardboard.pt,cardboard,29,0.63,5.3999999999999995,0.0,-1.633717639432384,175,30
0,2026_05_18_DesignCycle0_ep76,scale_ab_carpet_cardboard,replay_2026_05_18_DesignCycle0_scale_ab_carpet_cardboard.pt,carpet,0,0.63,5.3999999999999995,0.0,-18.923848123910545,175,30
0,2026_05_18_DesignCycle0_ep76,scale_ab_carpet_cardboard,replay_2026_05_18_DesignCycle0_scale_ab_carpet_cardboard.pt,carpet,1,0.63,5.3999999999999995,0.0,1.3880072042945062,175,30
0,2026_05_18_DesignCycle0_ep76,scale_ab_carpet_cardboard,replay_2026_05_18_DesignCycle0_scale_ab_carpet_cardboard.pt,carpet,2,0.63,5.3999999999999995,0.0,-26.936339669268264,175,30
0,2026_05_18_DesignCycle0_ep76,scale_ab_carpet_cardboard,replay_2026_05_18_DesignCycle0_scale_ab_carpet_cardboard.pt,carpet,3,0.63,5.3999999999999995,0.0,-6.219644635656092,175,30
0,2026_05_18_DesignCycle0_ep76,scale_ab_carpet_cardboard,replay_2026_05_18_DesignCycle0_scale_ab_carpet_cardboard.pt,carpet,4,0.63,5.3999999999999995,0.0,11.197155913126535,175,30
0,2026_05_18_DesignCycle0_ep76,scale_ab_carpet_cardboard,replay_2026_05_18_DesignCycle0_scale_ab_carpet_cardboard.pt,carpet,5,0.63,5.3999999999999995,0.0,8.834040238837032,175,30
0,2026_05_18_DesignCycle0_ep76,scale_ab_carpet_cardboard,replay_2026_05_18_DesignCycle0_scale_ab_carpet_cardboard.pt,carpet,6,0.63,5.3999999999999995,0.0,8.006788867689146,175,30
0,2026_05_18_DesignCycle0_ep76,scale_ab_carpet_cardboard,replay_2026_05_18_DesignCycle0_scale_ab_carpet_cardboard.pt,carpet,7,0.63,5.3999999999999995,0.0,-10.120709383725156,175,30
0,2026_05_18_DesignCycle0_ep76,scale_ab_carpet_cardboard,replay_2026_05_18_DesignCycle0_scale_ab_carpet_cardboard.pt,carpet,8,0.63,5.3999999999999995,0.0,10.267770603592329,175,30
0,2026_05_18_DesignCycle0_ep76,scale_ab_carpet_cardboard,replay_2026_05_18_DesignCycle0_scale_ab_carpet_cardboard.pt,carpet,9,0.63,5.3999999999999995,0.0,4.594334648506102,175,30
0,2026_05_18_DesignCycle0_ep76,scale_ab_carpet_cardboard,replay_2026_05_18_DesignCycle0_scale_ab_carpet_cardboard.pt,carpet,10,0.63,5.3999999999999995,0.0,2.6199446605864636,175,30
0,2026_05_18_DesignCycle0_ep76,scale_ab_carpet_cardboard,replay_2026_05_18_DesignCycle0_scale_ab_carpet_cardboard.pt,carpet,11,0.63,5.3999999999999995,0.0,-4.234713289467651,175,30
0,2026_05_18_DesignCycle0_ep76,scale_ab_carpet_cardboard,replay_2026_05_18_DesignCycle0_scale_ab_carpet_cardboard.pt,carpet,12,0.63,5.3999999999999995,0.0,-0.7931023468797156,175,30
0,2026_05_18_DesignCycle0_ep76,scale_ab_carpet_cardboard,replay_2026_05_18_DesignCycle0_scale_ab_carpet_cardboard.pt,carpet,13,0.63,5.3999999999999995,0.0,10.20950502705888,175,30
0,2026_05_18_DesignCycle0_ep76,scale_ab_carpet_cardboard,replay_2026_05_18_DesignCycle0_scale_ab_carpet_cardboard.pt,carpet,14,0.63,5.3999999999999995,0.0,-4.082993332186598,175,30
0,2026_05_18_DesignCycle0_ep76,scale_ab_carpet_cardboard,replay_2026_05_18_DesignCycle0_scale_ab_carpet_cardboard.pt,carpet,15,0.63,5.3999999999999995,0.0,5.330717527580378,175,30
0,2026_05_18_DesignCycle0_ep76,scale_ab_carpet_cardboard,replay_2026_05_18_DesignCycle0_scale_ab_carpet_cardboard.pt,carpet,16,0.63,5.3999999999999995,0.0,0.44488508827117523,175,30
0,2026_05_18_DesignCycle0_ep76,scale_ab_carpet_cardboard,replay_2026_05_18_DesignCycle0_scale_ab_carpet_cardboard.pt,carpet,17,0.63,5.3999999999999995,0.0,13.860441199652216,175,30
0,2026_05_18_DesignCycle0_ep76,scale_ab_carpet_cardboard,replay_2026_05_18_DesignCycle0_scale_ab_carpet_cardboard.pt,carpet,18,0.63,5.3999999999999995,0.0,3.63622293615391,175,30
0,2026_05_18_DesignCycle0_ep76,scale_ab_carpet_cardboard,replay_2026_05_18_DesignCycle0_scale_ab_carpet_cardboard.pt,carpet,19,0.63,5.3999999999999995,0.0,12.326339186424795,175,30
0,2026_05_18_DesignCycle0_ep76,scale_ab_carpet_cardboard,replay_2026_05_18_DesignCycle0_scale_ab_carpet_cardboard.pt,carpet,20,0.63,5.3999999999999995,0.0,13.0513330784357,175,30
0,2026_05_18_DesignCycle0_ep76,scale_ab_carpet_cardboard,replay_2026_05_18_DesignCycle0_scale_ab_carpet_cardboard.pt,carpet,21,0.63,5.3999999999999995,0.0,12.287959659715455,175,30
0,2026_05_18_DesignCycle0_ep76,scale_ab_carpet_cardboard,replay_2026_05_18_DesignCycle0_scale_ab_carpet_cardboard.pt,carpet,22,0.63,5.3999999999999995,0.0,9.923521636438016,175,30
0,2026_05_18_DesignCycle0_ep76,scale_ab_carpet_cardboard,replay_2026_05_18_DesignCycle0_scale_ab_carpet_cardboard.pt,carpet,23,0.63,5.3999999999999995,0.0,5.017805922718533,175,30
0,2026_05_18_DesignCycle0_ep76,scale_ab_carpet_cardboard,replay_2026_05_18_DesignCycle0_scale_ab_carpet_cardboard.pt,carpet,24,0.63,5.3999999999999995,0.0,7.826133797569121,175,30
0,2026_05_18_DesignCycle0_ep76,scale_ab_carpet_cardboard,replay_2026_05_18_DesignCycle0_scale_ab_carpet_cardboard.pt,carpet,25,0.63,5.3999999999999995,0.0,11.6674651382731,175,30
0,2026_05_18_DesignCycle0_ep76,scale_ab_carpet_cardboard,replay_2026_05_18_DesignCycle0_scale_ab_carpet_cardboard.pt,carpet,26,0.63,5.3999999999999995,0.0,10.362728898544201,175,30
0,2026_05_18_DesignCycle0_ep76,scale_ab_carpet_cardboard,replay_2026_05_18_DesignCycle0_scale_ab_carpet_cardboard.pt,carpet,27,0.63,5.3999999999999995,0.0,12.620862449185557,175,30
0,2026_05_18_DesignCycle0_ep76,scale_ab_carpet_cardboard,replay_2026_05_18_DesignCycle0_scale_ab_carpet_cardboard.pt,carpet,28,0.63,5.3999999999999995,0.0,9.817404327187694,175,30
0,2026_05_18_DesignCycle0_ep76,scale_ab_carpet_cardboard,replay_2026_05_18_DesignCycle0_scale_ab_carpet_cardboard.pt,carpet,29,0.63,5.3999999999999995,0.0,9.872120565830595,175,30
1,2026_05_20_DesignCycle1_ep60,scale_ab_carpet_cardboard_design1_30ep,replay_2026_05_20_DesignCycle1_scale_ab_carpet_cardboard_design1_30ep.pt,cardboard,0,0.63,5.3999999999999995,30.0,5.996179716348627,175,30
1,2026_05_20_DesignCycle1_ep60,scale_ab_carpet_cardboard_design1_30ep,replay_2026_05_20_DesignCycle1_scale_ab_carpet_cardboard_design1_30ep.pt,cardboard,1,0.63,5.3999999999999995,30.0,-7.367839678510405,175,30
1,2026_05_20_DesignCycle1_ep60,scale_ab_carpet_cardboard_design1_30ep,replay_2026_05_20_DesignCycle1_scale_ab_carpet_cardboard_design1_30ep.pt,cardboard,2,0.63,5.3999999999999995,30.0,19.084611081328447,175,30
1,2026_05_20_DesignCycle1_ep60,scale_ab_carpet_cardboard_design1_30ep,replay_2026_05_20_DesignCycle1_scale_ab_carpet_cardboard_design1_30ep.pt,cardboard,3,0.63,5.3999999999999995,30.0,17.40733376740377,175,30
1,2026_05_20_DesignCycle1_ep60,scale_ab_carpet_cardboard_design1_30ep,replay_2026_05_20_DesignCycle1_scale_ab_carpet_cardboard_design1_30ep.pt,cardboard,4,0.63,5.3999999999999995,30.0,3.2015735145938624,175,30
1,2026_05_20_DesignCycle1_ep60,scale_ab_carpet_cardboard_design1_30ep,replay_2026_05_20_DesignCycle1_scale_ab_carpet_cardboard_design1_30ep.pt,cardboard,5,0.63,5.3999999999999995,30.0,15.799316577010849,175,30
1,2026_05_20_DesignCycle1_ep60,scale_ab_carpet_cardboard_design1_30ep,replay_2026_05_20_DesignCycle1_scale_ab_carpet_cardboard_design1_30ep.pt,cardboard,6,0.63,5.3999999999999995,30.0,8.221847592886018,175,30
1,2026_05_20_DesignCycle1_ep60,scale_ab_carpet_cardboard_design1_30ep,replay_2026_05_20_DesignCycle1_scale_ab_carpet_cardboard_design1_30ep.pt,cardboard,7,0.63,5.3999999999999995,30.0,17.488928633241205,175,30
1,2026_05_20_DesignCycle1_ep60,scale_ab_carpet_cardboard_design1_30ep,replay_2026_05_20_DesignCycle1_scale_ab_carpet_cardboard_design1_30ep.pt,cardboard,8,0.63,5.3999999999999995,30.0,17.9719407456337,175,30
1,2026_05_20_DesignCycle1_ep60,scale_ab_carpet_cardboard_design1_30ep,replay_2026_05_20_DesignCycle1_scale_ab_carpet_cardboard_design1_30ep.pt,cardboard,9,0.63,5.3999999999999995,30.0,13.623465743045083,175,30
1,2026_05_20_DesignCycle1_ep60,scale_ab_carpet_cardboard_design1_30ep,replay_2026_05_20_DesignCycle1_scale_ab_carpet_cardboard_design1_30ep.pt,cardboard,10,0.63,5.3999999999999995,30.0,13.525718262610068,175,30
1,2026_05_20_DesignCycle1_ep60,scale_ab_carpet_cardboard_design1_30ep,replay_2026_05_20_DesignCycle1_scale_ab_carpet_cardboard_design1_30ep.pt,cardboard,11,0.63,5.3999999999999995,30.0,11.557306722560822,175,30
1,2026_05_20_DesignCycle1_ep60,scale_ab_carpet_cardboard_design1_30ep,replay_2026_05_20_DesignCycle1_scale_ab_carpet_cardboard_design1_30ep.pt,cardboard,12,0.63,5.3999999999999995,30.0,12.137115128485437,175,30
1,2026_05_20_DesignCycle1_ep60,scale_ab_carpet_cardboard_design1_30ep,replay_2026_05_20_DesignCycle1_scale_ab_carpet_cardboard_design1_30ep.pt,cardboard,13,0.63,5.3999999999999995,30.0,12.9124342197313,175,30
1,2026_05_20_DesignCycle1_ep60,scale_ab_carpet_cardboard_design1_30ep,replay_2026_05_20_DesignCycle1_scale_ab_carpet_cardboard_design1_30ep.pt,cardboard,14,0.63,5.3999999999999995,30.0,6.625689213793966,175,30
1,2026_05_20_DesignCycle1_ep60,scale_ab_carpet_cardboard_design1_30ep,replay_2026_05_20_DesignCycle1_scale_ab_carpet_cardboard_design1_30ep.pt,cardboard,15,0.63,5.3999999999999995,30.0,9.768997093488755,175,30
1,2026_05_20_DesignCycle1_ep60,scale_ab_carpet_cardboard_design1_30ep,replay_2026_05_20_DesignCycle1_scale_ab_carpet_cardboard_design1_30ep.pt,cardboard,16,0.63,5.3999999999999995,30.0,11.732997940110979,175,30
1,2026_05_20_DesignCycle1_ep60,scale_ab_carpet_cardboard_design1_30ep,replay_2026_05_20_DesignCycle1_scale_ab_carpet_cardboard_design1_30ep.pt,cardboard,17,0.63,5.3999999999999995,30.0,12.218283680092066,175,30
1,2026_05_20_DesignCycle1_ep60,scale_ab_carpet_cardboard_design1_30ep,replay_2026_05_20_DesignCycle1_scale_ab_carpet_cardboard_design1_30ep.pt,cardboard,18,0.63,5.3999999999999995,30.0,9.639102593587257,175,30
1,2026_05_20_DesignCycle1_ep60,scale_ab_carpet_cardboard_design1_30ep,replay_2026_05_20_DesignCycle1_scale_ab_carpet_cardboard_design1_30ep.pt,cardboard,19,0.63,5.3999999999999995,30.0,11.551850297540305,175,30
1,2026_05_20_DesignCycle1_ep60,scale_ab_carpet_cardboard_design1_30ep,replay_2026_05_20_DesignCycle1_scale_ab_carpet_cardboard_design1_30ep.pt,cardboard,20,0.63,5.3999999999999995,30.0,1.278444176346468,175,30
1,2026_05_20_DesignCycle1_ep60,scale_ab_carpet_cardboard_design1_30ep,replay_2026_05_20_DesignCycle1_scale_ab_carpet_cardboard_design1_30ep.pt,cardboard,21,0.63,5.3999999999999995,30.0,9.767928028685207,175,30
1,2026_05_20_DesignCycle1_ep60,scale_ab_carpet_cardboard_design1_30ep,replay_2026_05_20_DesignCycle1_scale_ab_carpet_cardboard_design1_30ep.pt,cardboard,22,0.63,5.3999999999999995,30.0,10.065180336903321,175,30
1,2026_05_20_DesignCycle1_ep60,scale_ab_carpet_cardboard_design1_30ep,replay_2026_05_20_DesignCycle1_scale_ab_carpet_cardboard_design1_30ep.pt,cardboard,23,0.63,5.3999999999999995,30.0,8.439865700076158,175,30
1,2026_05_20_DesignCycle1_ep60,scale_ab_carpet_cardboard_design1_30ep,replay_2026_05_20_DesignCycle1_scale_ab_carpet_cardboard_design1_30ep.pt,cardboard,24,0.63,5.3999999999999995,30.0,8.820182684704209,175,30
1,2026_05_20_DesignCycle1_ep60,scale_ab_carpet_cardboard_design1_30ep,replay_2026_05_20_DesignCycle1_scale_ab_carpet_cardboard_design1_30ep.pt,cardboard,25,0.63,5.3999999999999995,30.0,3.9957015082221536,175,30
1,2026_05_20_DesignCycle1_ep60,scale_ab_carpet_cardboard_design1_30ep,replay_2026_05_20_DesignCycle1_scale_ab_carpet_cardboard_design1_30ep.pt,cardboard,26,0.63,5.3999999999999995,30.0,8.991806491865589,175,30
1,2026_05_20_DesignCycle1_ep60,scale_ab_carpet_cardboard_design1_30ep,replay_2026_05_20_DesignCycle1_scale_ab_carpet_cardboard_design1_30ep.pt,cardboard,27,0.63,5.3999999999999995,30.0,12.057831969698249,175,30
1,2026_05_20_DesignCycle1_ep60,scale_ab_carpet_cardboard_design1_30ep,replay_2026_05_20_DesignCycle1_scale_ab_carpet_cardboard_design1_30ep.pt,cardboard,28,0.63,5.3999999999999995,30.0,6.90290552856617,175,30
1,2026_05_20_DesignCycle1_ep60,scale_ab_carpet_cardboard_design1_30ep,replay_2026_05_20_DesignCycle1_scale_ab_carpet_cardboard_design1_30ep.pt,cardboard,29,0.63,5.3999999999999995,30.0,10.167631248061813,175,30
1,2026_05_20_DesignCycle1_ep60,scale_ab_carpet_cardboard_design1_30ep,replay_2026_05_20_DesignCycle1_scale_ab_carpet_cardboard_design1_30ep.pt,carpet,0,0.63,5.3999999999999995,30.0,13.858650565443485,175,30
1,2026_05_20_DesignCycle1_ep60,scale_ab_carpet_cardboard_design1_30ep,replay_2026_05_20_DesignCycle1_scale_ab_carpet_cardboard_design1_30ep.pt,carpet,1,0.63,5.3999999999999995,30.0,12.526608094339275,175,30
1,2026_05_20_DesignCycle1_ep60,scale_ab_carpet_cardboard_design1_30ep,replay_2026_05_20_DesignCycle1_scale_ab_carpet_cardboard_design1_30ep.pt,carpet,2,0.63,5.3999999999999995,30.0,15.901648416844532,175,30
1,2026_05_20_DesignCycle1_ep60,scale_ab_carpet_cardboard_design1_30ep,replay_2026_05_20_DesignCycle1_scale_ab_carpet_cardboard_design1_30ep.pt,carpet,3,0.63,5.3999999999999995,30.0,14.559087835919884,175,30
1,2026_05_20_DesignCycle1_ep60,scale_ab_carpet_cardboard_design1_30ep,replay_2026_05_20_DesignCycle1_scale_ab_carpet_cardboard_design1_30ep.pt,carpet,4,0.63,5.3999999999999995,30.0,12.294764764837163,175,30
1,2026_05_20_DesignCycle1_ep60,scale_ab_carpet_cardboard_design1_30ep,replay_2026_05_20_DesignCycle1_scale_ab_carpet_cardboard_design1_30ep.pt,carpet,5,0.63,5.3999999999999995,30.0,13.146597118789417,175,30
1,2026_05_20_DesignCycle1_ep60,scale_ab_carpet_cardboard_design1_30ep,replay_2026_05_20_DesignCycle1_scale_ab_carpet_cardboard_design1_30ep.pt,carpet,6,0.63,5.3999999999999995,30.0,11.240507071427354,175,30
1,2026_05_20_DesignCycle1_ep60,scale_ab_carpet_cardboard_design1_30ep,replay_2026_05_20_DesignCycle1_scale_ab_carpet_cardboard_design1_30ep.pt,carpet,7,0.63,5.3999999999999995,30.0,10.299775761413446,175,30
1,2026_05_20_DesignCycle1_ep60,scale_ab_carpet_cardboard_design1_30ep,replay_2026_05_20_DesignCycle1_scale_ab_carpet_cardboard_design1_30ep.pt,carpet,8,0.63,5.3999999999999995,30.0,15.0127401185941,175,30
1,2026_05_20_DesignCycle1_ep60,scale_ab_carpet_cardboard_design1_30ep,replay_2026_05_20_DesignCycle1_scale_ab_carpet_cardboard_design1_30ep.pt,carpet,9,0.63,5.3999999999999995,30.0,8.85655928029417,175,30
1,2026_05_20_DesignCycle1_ep60,scale_ab_carpet_cardboard_design1_30ep,replay_2026_05_20_DesignCycle1_scale_ab_carpet_cardboard_design1_30ep.pt,carpet,10,0.63,5.3999999999999995,30.0,9.159412527687643,175,30
1,2026_05_20_DesignCycle1_ep60,scale_ab_carpet_cardboard_design1_30ep,replay_2026_05_20_DesignCycle1_scale_ab_carpet_cardboard_design1_30ep.pt,carpet,11,0.63,5.3999999999999995,30.0,12.299846907873722,175,30
1,2026_05_20_DesignCycle1_ep60,scale_ab_carpet_cardboard_design1_30ep,replay_2026_05_20_DesignCycle1_scale_ab_carpet_cardboard_design1_30ep.pt,carpet,12,0.63,5.3999999999999995,30.0,13.606461830719322,175,30
1,2026_05_20_DesignCycle1_ep60,scale_ab_carpet_cardboard_design1_30ep,replay_2026_05_20_DesignCycle1_scale_ab_carpet_cardboard_design1_30ep.pt,carpet,13,0.63,5.3999999999999995,30.0,13.219584075391403,175,30
1,2026_05_20_DesignCycle1_ep60,scale_ab_carpet_cardboard_design1_30ep,replay_2026_05_20_DesignCycle1_scale_ab_carpet_cardboard_design1_30ep.pt,carpet,14,0.63,5.3999999999999995,30.0,9.245122745199222,175,30
1,2026_05_20_DesignCycle1_ep60,scale_ab_carpet_cardboard_design1_30ep,replay_2026_05_20_DesignCycle1_scale_ab_carpet_cardboard_design1_30ep.pt,carpet,15,0.63,5.3999999999999995,30.0,6.084193439852799,175,30
1,2026_05_20_DesignCycle1_ep60,scale_ab_carpet_cardboard_design1_30ep,replay_2026_05_20_DesignCycle1_scale_ab_carpet_cardboard_design1_30ep.pt,carpet,16,0.63,5.3999999999999995,30.0,12.724544922787656,175,30
1,2026_05_20_DesignCycle1_ep60,scale_ab_carpet_cardboard_design1_30ep,replay_2026_05_20_DesignCycle1_scale_ab_carpet_cardboard_design1_30ep.pt,carpet,17,0.63,5.3999999999999995,30.0,12.979288276019766,175,30
1,2026_05_20_DesignCycle1_ep60,scale_ab_carpet_cardboard_design1_30ep,replay_2026_05_20_DesignCycle1_scale_ab_carpet_cardboard_design1_30ep.pt,carpet,18,0.63,5.3999999999999995,30.0,9.727622522182068,175,30
1,2026_05_20_DesignCycle1_ep60,scale_ab_carpet_cardboard_design1_30ep,replay_2026_05_20_DesignCycle1_scale_ab_carpet_cardboard_design1_30ep.pt,carpet,19,0.63,5.3999999999999995,30.0,11.243817482595027,175,30
1,2026_05_20_DesignCycle1_ep60,scale_ab_carpet_cardboard_design1_30ep,replay_2026_05_20_DesignCycle1_scale_ab_carpet_cardboard_design1_30ep.pt,carpet,20,0.63,5.3999999999999995,30.0,10.152566902668443,175,30
1,2026_05_20_DesignCycle1_ep60,scale_ab_carpet_cardboard_design1_30ep,replay_2026_05_20_DesignCycle1_scale_ab_carpet_cardboard_design1_30ep.pt,carpet,21,0.63,5.3999999999999995,30.0,7.476318038088985,175,30
1,2026_05_20_DesignCycle1_ep60,scale_ab_carpet_cardboard_design1_30ep,replay_2026_05_20_DesignCycle1_scale_ab_carpet_cardboard_design1_30ep.pt,carpet,22,0.63,5.3999999999999995,30.0,11.61003028519176,175,30
1,2026_05_20_DesignCycle1_ep60,scale_ab_carpet_cardboard_design1_30ep,replay_2026_05_20_DesignCycle1_scale_ab_carpet_cardboard_design1_30ep.pt,carpet,23,0.63,5.3999999999999995,30.0,10.919635705272482,175,30
1,2026_05_20_DesignCycle1_ep60,scale_ab_carpet_cardboard_design1_30ep,replay_2026_05_20_DesignCycle1_scale_ab_carpet_cardboard_design1_30ep.pt,carpet,24,0.63,5.3999999999999995,30.0,10.803517442941795,175,30
1,2026_05_20_DesignCycle1_ep60,scale_ab_carpet_cardboard_design1_30ep,replay_2026_05_20_DesignCycle1_scale_ab_carpet_cardboard_design1_30ep.pt,carpet,25,0.63,5.3999999999999995,30.0,12.819122331933743,175,30
1,2026_05_20_DesignCycle1_ep60,scale_ab_carpet_cardboard_design1_30ep,replay_2026_05_20_DesignCycle1_scale_ab_carpet_cardboard_design1_30ep.pt,carpet,26,0.63,5.3999999999999995,30.0,10.116716676477306,175,30
1,2026_05_20_DesignCycle1_ep60,scale_ab_carpet_cardboard_design1_30ep,replay_2026_05_20_DesignCycle1_scale_ab_carpet_cardboard_design1_30ep.pt,carpet,27,0.63,5.3999999999999995,30.0,11.581995897988211,175,30
1,2026_05_20_DesignCycle1_ep60,scale_ab_carpet_cardboard_design1_30ep,replay_2026_05_20_DesignCycle1_scale_ab_carpet_cardboard_design1_30ep.pt,carpet,28,0.63,5.3999999999999995,30.0,13.030385726371122,175,30
1,2026_05_20_DesignCycle1_ep60,scale_ab_carpet_cardboard_design1_30ep,replay_2026_05_20_DesignCycle1_scale_ab_carpet_cardboard_design1_30ep.pt,carpet,29,0.63,5.3999999999999995,30.0,7.027151037150811,175,30
2,2026_05_21_DesignCycle2_ep60,scale_ab_carpet_cardboard_design2_30ep,replay_2026_05_21_DesignCycle2_scale_ab_carpet_cardboard_design2_30ep.pt,cardboard,0,0.9,7.714285714285714,30.0,-5.049817368279774,175,30
2,2026_05_21_DesignCycle2_ep60,scale_ab_carpet_cardboard_design2_30ep,replay_2026_05_21_DesignCycle2_scale_ab_carpet_cardboard_design2_30ep.pt,cardboard,1,0.9,7.714285714285714,30.0,-6.536168112090703,175,30
2,2026_05_21_DesignCycle2_ep60,scale_ab_carpet_cardboard_design2_30ep,replay_2026_05_21_DesignCycle2_scale_ab_carpet_cardboard_design2_30ep.pt,cardboard,2,0.9,7.714285714285714,30.0,23.42434110125798,175,30
2,2026_05_21_DesignCycle2_ep60,scale_ab_carpet_cardboard_design2_30ep,replay_2026_05_21_DesignCycle2_scale_ab_carpet_cardboard_design2_30ep.pt,cardboard,3,0.9,7.714285714285714,30.0,33.43851213219289,175,30
2,2026_05_21_DesignCycle2_ep60,scale_ab_carpet_cardboard_design2_30ep,replay_2026_05_21_DesignCycle2_scale_ab_carpet_cardboard_design2_30ep.pt,cardboard,4,0.9,7.714285714285714,30.0,26.47360148047442,175,30
2,2026_05_21_DesignCycle2_ep60,scale_ab_carpet_cardboard_design2_30ep,replay_2026_05_21_DesignCycle2_scale_ab_carpet_cardboard_design2_30ep.pt,cardboard,5,0.9,7.714285714285714,30.0,25.0703457069814,175,30
2,2026_05_21_DesignCycle2_ep60,scale_ab_carpet_cardboard_design2_30ep,replay_2026_05_21_DesignCycle2_scale_ab_carpet_cardboard_design2_30ep.pt,cardboard,6,0.9,7.714285714285714,30.0,26.692313103542908,175,30
2,2026_05_21_DesignCycle2_ep60,scale_ab_carpet_cardboard_design2_30ep,replay_2026_05_21_DesignCycle2_scale_ab_carpet_cardboard_design2_30ep.pt,cardboard,7,0.9,7.714285714285714,30.0,27.073830964199704,175,30
2,2026_05_21_DesignCycle2_ep60,scale_ab_carpet_cardboard_design2_30ep,replay_2026_05_21_DesignCycle2_scale_ab_carpet_cardboard_design2_30ep.pt,cardboard,8,0.9,7.714285714285714,30.0,22.73146762196578,175,30
2,2026_05_21_DesignCycle2_ep60,scale_ab_carpet_cardboard_design2_30ep,replay_2026_05_21_DesignCycle2_scale_ab_carpet_cardboard_design2_30ep.pt,cardboard,9,0.9,7.714285714285714,30.0,28.30469999386936,175,30
2,2026_05_21_DesignCycle2_ep60,scale_ab_carpet_cardboard_design2_30ep,replay_2026_05_21_DesignCycle2_scale_ab_carpet_cardboard_design2_30ep.pt,cardboard,10,0.9,7.714285714285714,30.0,29.37324559168502,175,30
2,2026_05_21_DesignCycle2_ep60,scale_ab_carpet_cardboard_design2_30ep,replay_2026_05_21_DesignCycle2_scale_ab_carpet_cardboard_design2_30ep.pt,cardboard,11,0.9,7.714285714285714,30.0,26.312004642893058,175,30
2,2026_05_21_DesignCycle2_ep60,scale_ab_carpet_cardboard_design2_30ep,replay_2026_05_21_DesignCycle2_scale_ab_carpet_cardboard_design2_30ep.pt,cardboard,12,0.9,7.714285714285714,30.0,25.516519172203,175,30
2,2026_05_21_DesignCycle2_ep60,scale_ab_carpet_cardboard_design2_30ep,replay_2026_05_21_DesignCycle2_scale_ab_carpet_cardboard_design2_30ep.pt,cardboard,13,0.9,7.714285714285714,30.0,28.52529347757788,175,30
2,2026_05_21_DesignCycle2_ep60,scale_ab_carpet_cardboard_design2_30ep,replay_2026_05_21_DesignCycle2_scale_ab_carpet_cardboard_design2_30ep.pt,cardboard,14,0.9,7.714285714285714,30.0,30.7048642599759,175,30
2,2026_05_21_DesignCycle2_ep60,scale_ab_carpet_cardboard_design2_30ep,replay_2026_05_21_DesignCycle2_scale_ab_carpet_cardboard_design2_30ep.pt,cardboard,15,0.9,7.714285714285714,30.0,27.093437614946552,175,30
2,2026_05_21_DesignCycle2_ep60,scale_ab_carpet_cardboard_design2_30ep,replay_2026_05_21_DesignCycle2_scale_ab_carpet_cardboard_design2_30ep.pt,cardboard,16,0.9,7.714285714285714,30.0,27.869539711844954,175,30
2,2026_05_21_DesignCycle2_ep60,scale_ab_carpet_cardboard_design2_30ep,replay_2026_05_21_DesignCycle2_scale_ab_carpet_cardboard_design2_30ep.pt,cardboard,17,0.9,7.714285714285714,30.0,29.544012416472988,175,30
2,2026_05_21_DesignCycle2_ep60,scale_ab_carpet_cardboard_design2_30ep,replay_2026_05_21_DesignCycle2_scale_ab_carpet_cardboard_design2_30ep.pt,cardboard,18,0.9,7.714285714285714,30.0,27.66681034749697,175,30
2,2026_05_21_DesignCycle2_ep60,scale_ab_carpet_cardboard_design2_30ep,replay_2026_05_21_DesignCycle2_scale_ab_carpet_cardboard_design2_30ep.pt,cardboard,19,0.9,7.714285714285714,30.0,25.084311882999998,175,30
2,2026_05_21_DesignCycle2_ep60,scale_ab_carpet_cardboard_design2_30ep,replay_2026_05_21_DesignCycle2_scale_ab_carpet_cardboard_design2_30ep.pt,cardboard,20,0.9,7.714285714285714,30.0,23.92131941173339,175,30
2,2026_05_21_DesignCycle2_ep60,scale_ab_carpet_cardboard_design2_30ep,replay_2026_05_21_DesignCycle2_scale_ab_carpet_cardboard_design2_30ep.pt,cardboard,21,0.9,7.714285714285714,30.0,22.329901801373087,175,30
2,2026_05_21_DesignCycle2_ep60,scale_ab_carpet_cardboard_design2_30ep,replay_2026_05_21_DesignCycle2_scale_ab_carpet_cardboard_design2_30ep.pt,cardboard,22,0.9,7.714285714285714,30.0,26.5012181877013,175,30
2,2026_05_21_DesignCycle2_ep60,scale_ab_carpet_cardboard_design2_30ep,replay_2026_05_21_DesignCycle2_scale_ab_carpet_cardboard_design2_30ep.pt,cardboard,23,0.9,7.714285714285714,30.0,20.808413193064542,175,30
2,2026_05_21_DesignCycle2_ep60,scale_ab_carpet_cardboard_design2_30ep,replay_2026_05_21_DesignCycle2_scale_ab_carpet_cardboard_design2_30ep.pt,cardboard,24,0.9,7.714285714285714,30.0,22.75251769052284,175,30
2,2026_05_21_DesignCycle2_ep60,scale_ab_carpet_cardboard_design2_30ep,replay_2026_05_21_DesignCycle2_scale_ab_carpet_cardboard_design2_30ep.pt,cardboard,25,0.9,7.714285714285714,30.0,23.328142652417036,175,30
2,2026_05_21_DesignCycle2_ep60,scale_ab_carpet_cardboard_design2_30ep,replay_2026_05_21_DesignCycle2_scale_ab_carpet_cardboard_design2_30ep.pt,cardboard,26,0.9,7.714285714285714,30.0,27.478796276652748,175,30
2,2026_05_21_DesignCycle2_ep60,scale_ab_carpet_cardboard_design2_30ep,replay_2026_05_21_DesignCycle2_scale_ab_carpet_cardboard_design2_30ep.pt,cardboard,27,0.9,7.714285714285714,30.0,22.31287315371519,175,30
2,2026_05_21_DesignCycle2_ep60,scale_ab_carpet_cardboard_design2_30ep,replay_2026_05_21_DesignCycle2_scale_ab_carpet_cardboard_design2_30ep.pt,cardboard,28,0.9,7.714285714285714,30.0,23.415823496716918,175,30
2,2026_05_21_DesignCycle2_ep60,scale_ab_carpet_cardboard_design2_30ep,replay_2026_05_21_DesignCycle2_scale_ab_carpet_cardboard_design2_30ep.pt,cardboard,29,0.9,7.714285714285714,30.0,25.17603802196232,175,30
2,2026_05_21_DesignCycle2_ep60,scale_ab_carpet_cardboard_design2_30ep,replay_2026_05_21_DesignCycle2_scale_ab_carpet_cardboard_design2_30ep.pt,carpet,0,0.9,7.714285714285714,30.0,20.857323704379738,175,30
2,2026_05_21_DesignCycle2_ep60,scale_ab_carpet_cardboard_design2_30ep,replay_2026_05_21_DesignCycle2_scale_ab_carpet_cardboard_design2_30ep.pt,carpet,1,0.9,7.714285714285714,30.0,18.05693938838596,175,30
2,2026_05_21_DesignCycle2_ep60,scale_ab_carpet_cardboard_design2_30ep,replay_2026_05_21_DesignCycle2_scale_ab_carpet_cardboard_design2_30ep.pt,carpet,2,0.9,7.714285714285714,30.0,18.66244935026243,175,30
2,2026_05_21_DesignCycle2_ep60,scale_ab_carpet_cardboard_design2_30ep,replay_2026_05_21_DesignCycle2_scale_ab_carpet_cardboard_design2_30ep.pt,carpet,3,0.9,7.714285714285714,30.0,22.124772214972698,175,30
2,2026_05_21_DesignCycle2_ep60,scale_ab_carpet_cardboard_design2_30ep,replay_2026_05_21_DesignCycle2_scale_ab_carpet_cardboard_design2_30ep.pt,carpet,4,0.9,7.714285714285714,30.0,17.773594614836536,175,30
2,2026_05_21_DesignCycle2_ep60,scale_ab_carpet_cardboard_design2_30ep,replay_2026_05_21_DesignCycle2_scale_ab_carpet_cardboard_design2_30ep.pt,carpet,5,0.9,7.714285714285714,30.0,16.456277401129512,175,30
2,2026_05_21_DesignCycle2_ep60,scale_ab_carpet_cardboard_design2_30ep,replay_2026_05_21_DesignCycle2_scale_ab_carpet_cardboard_design2_30ep.pt,carpet,6,0.9,7.714285714285714,30.0,19.162217988255403,175,30
2,2026_05_21_DesignCycle2_ep60,scale_ab_carpet_cardboard_design2_30ep,replay_2026_05_21_DesignCycle2_scale_ab_carpet_cardboard_design2_30ep.pt,carpet,7,0.9,7.714285714285714,30.0,17.106108705883166,175,30
2,2026_05_21_DesignCycle2_ep60,scale_ab_carpet_cardboard_design2_30ep,replay_2026_05_21_DesignCycle2_scale_ab_carpet_cardboard_design2_30ep.pt,carpet,8,0.9,7.714285714285714,30.0,17.130689878007686,175,30
2,2026_05_21_DesignCycle2_ep60,scale_ab_carpet_cardboard_design2_30ep,replay_2026_05_21_DesignCycle2_scale_ab_carpet_cardboard_design2_30ep.pt,carpet,9,0.9,7.714285714285714,30.0,15.374905776817917,175,30
2,2026_05_21_DesignCycle2_ep60,scale_ab_carpet_cardboard_design2_30ep,replay_2026_05_21_DesignCycle2_scale_ab_carpet_cardboard_design2_30ep.pt,carpet,10,0.9,7.714285714285714,30.0,17.76648713190869,175,30
2,2026_05_21_DesignCycle2_ep60,scale_ab_carpet_cardboard_design2_30ep,replay_2026_05_21_DesignCycle2_scale_ab_carpet_cardboard_design2_30ep.pt,carpet,11,0.9,7.714285714285714,30.0,15.960309773511984,175,30
2,2026_05_21_DesignCycle2_ep60,scale_ab_carpet_cardboard_design2_30ep,replay_2026_05_21_DesignCycle2_scale_ab_carpet_cardboard_design2_30ep.pt,carpet,12,0.9,7.714285714285714,30.0,15.245035676201384,175,30
2,2026_05_21_DesignCycle2_ep60,scale_ab_carpet_cardboard_design2_30ep,replay_2026_05_21_DesignCycle2_scale_ab_carpet_cardboard_design2_30ep.pt,carpet,13,0.9,7.714285714285714,30.0,17.063945545510183,175,30
2,2026_05_21_DesignCycle2_ep60,scale_ab_carpet_cardboard_design2_30ep,replay_2026_05_21_DesignCycle2_scale_ab_carpet_cardboard_design2_30ep.pt,carpet,14,0.9,7.714285714285714,30.0,16.076282975362915,175,30
2,2026_05_21_DesignCycle2_ep60,scale_ab_carpet_cardboard_design2_30ep,replay_2026_05_21_DesignCycle2_scale_ab_carpet_cardboard_design2_30ep.pt,carpet,15,0.9,7.714285714285714,30.0,17.370833705602458,175,30
2,2026_05_21_DesignCycle2_ep60,scale_ab_carpet_cardboard_design2_30ep,replay_2026_05_21_DesignCycle2_scale_ab_carpet_cardboard_design2_30ep.pt,carpet,16,0.9,7.714285714285714,30.0,14.063702248961842,175,30
2,2026_05_21_DesignCycle2_ep60,scale_ab_carpet_cardboard_design2_30ep,replay_2026_05_21_DesignCycle2_scale_ab_carpet_cardboard_design2_30ep.pt,carpet,17,0.9,7.714285714285714,30.0,9.985595289459736,175,30
2,2026_05_21_DesignCycle2_ep60,scale_ab_carpet_cardboard_design2_30ep,replay_2026_05_21_DesignCycle2_scale_ab_carpet_cardboard_design2_30ep.pt,carpet,18,0.9,7.714285714285714,30.0,15.596888944228386,175,30
2,2026_05_21_DesignCycle2_ep60,scale_ab_carpet_cardboard_design2_30ep,replay_2026_05_21_DesignCycle2_scale_ab_carpet_cardboard_design2_30ep.pt,carpet,19,0.9,7.714285714285714,30.0,19.501837766776735,175,30
2,2026_05_21_DesignCycle2_ep60,scale_ab_carpet_cardboard_design2_30ep,replay_2026_05_21_DesignCycle2_scale_ab_carpet_cardboard_design2_30ep.pt,carpet,20,0.9,7.714285714285714,30.0,17.442938292115862,175,30
2,2026_05_21_DesignCycle2_ep60,scale_ab_carpet_cardboard_design2_30ep,replay_2026_05_21_DesignCycle2_scale_ab_carpet_cardboard_design2_30ep.pt,carpet,21,0.9,7.714285714285714,30.0,16.333361967530507,175,30
2,2026_05_21_DesignCycle2_ep60,scale_ab_carpet_cardboard_design2_30ep,replay_2026_05_21_DesignCycle2_scale_ab_carpet_cardboard_design2_30ep.pt,carpet,22,0.9,7.714285714285714,30.0,24.202003866525278,175,30
2,2026_05_21_DesignCycle2_ep60,scale_ab_carpet_cardboard_design2_30ep,replay_2026_05_21_DesignCycle2_scale_ab_carpet_cardboard_design2_30ep.pt,carpet,23,0.9,7.714285714285714,30.0,17.314639854599474,175,30
2,2026_05_21_DesignCycle2_ep60,scale_ab_carpet_cardboard_design2_30ep,replay_2026_05_21_DesignCycle2_scale_ab_carpet_cardboard_design2_30ep.pt,carpet,24,0.9,7.714285714285714,30.0,21.20902198051742,175,30
2,2026_05_21_DesignCycle2_ep60,scale_ab_carpet_cardboard_design2_30ep,replay_2026_05_21_DesignCycle2_scale_ab_carpet_cardboard_design2_30ep.pt,carpet,25,0.9,7.714285714285714,30.0,23.203794467845807,175,30
2,2026_05_21_DesignCycle2_ep60,scale_ab_carpet_cardboard_design2_30ep,replay_2026_05_21_DesignCycle2_scale_ab_carpet_cardboard_design2_30ep.pt,carpet,26,0.9,7.714285714285714,30.0,23.250508159330753,175,30
2,2026_05_21_DesignCycle2_ep60,scale_ab_carpet_cardboard_design2_30ep,replay_2026_05_21_DesignCycle2_scale_ab_carpet_cardboard_design2_30ep.pt,carpet,27,0.9,7.714285714285714,30.0,17.480034096874252,175,30
2,2026_05_21_DesignCycle2_ep60,scale_ab_carpet_cardboard_design2_30ep,replay_2026_05_21_DesignCycle2_scale_ab_carpet_cardboard_design2_30ep.pt,carpet,28,0.9,7.714285714285714,30.0,20.948288469881433,175,30
2,2026_05_21_DesignCycle2_ep60,scale_ab_carpet_cardboard_design2_30ep,replay_2026_05_21_DesignCycle2_scale_ab_carpet_cardboard_design2_30ep.pt,carpet,29,0.9,7.714285714285714,30.0,17.11565417606832,175,30
3,2026_05_21_DesignCycle3_ep60,scale_ab_carpet_cardboard_design3_30ep,replay_2026_05_21_DesignCycle3_scale_ab_carpet_cardboard_design3_30ep.pt,cardboard,0,0.9,7.714285714285714,0.0,-4.142434630937985,175,30
3,2026_05_21_DesignCycle3_ep60,scale_ab_carpet_cardboard_design3_30ep,replay_2026_05_21_DesignCycle3_scale_ab_carpet_cardboard_design3_30ep.pt,cardboard,1,0.9,7.714285714285714,0.0,-10.845339150272487,175,30
3,2026_05_21_DesignCycle3_ep60,scale_ab_carpet_cardboard_design3_30ep,replay_2026_05_21_DesignCycle3_scale_ab_carpet_cardboard_design3_30ep.pt,cardboard,2,0.9,7.714285714285714,0.0,7.55418533287535,175,30
3,2026_05_21_DesignCycle3_ep60,scale_ab_carpet_cardboard_design3_30ep,replay_2026_05_21_DesignCycle3_scale_ab_carpet_cardboard_design3_30ep.pt,cardboard,3,0.9,7.714285714285714,0.0,-1.3951245413307194,175,30
3,2026_05_21_DesignCycle3_ep60,scale_ab_carpet_cardboard_design3_30ep,replay_2026_05_21_DesignCycle3_scale_ab_carpet_cardboard_design3_30ep.pt,cardboard,4,0.9,7.714285714285714,0.0,0.12156032422949381,175,30
3,2026_05_21_DesignCycle3_ep60,scale_ab_carpet_cardboard_design3_30ep,replay_2026_05_21_DesignCycle3_scale_ab_carpet_cardboard_design3_30ep.pt,cardboard,5,0.9,7.714285714285714,0.0,0.6100956034281151,175,30
3,2026_05_21_DesignCycle3_ep60,scale_ab_carpet_cardboard_design3_30ep,replay_2026_05_21_DesignCycle3_scale_ab_carpet_cardboard_design3_30ep.pt,cardboard,6,0.9,7.714285714285714,0.0,-1.7780047042126605,175,30
3,2026_05_21_DesignCycle3_ep60,scale_ab_carpet_cardboard_design3_30ep,replay_2026_05_21_DesignCycle3_scale_ab_carpet_cardboard_design3_30ep.pt,cardboard,7,0.9,7.714285714285714,0.0,-5.176593388471664,175,30
3,2026_05_21_DesignCycle3_ep60,scale_ab_carpet_cardboard_design3_30ep,replay_2026_05_21_DesignCycle3_scale_ab_carpet_cardboard_design3_30ep.pt,cardboard,8,0.9,7.714285714285714,0.0,0.5392181748533261,175,30
3,2026_05_21_DesignCycle3_ep60,scale_ab_carpet_cardboard_design3_30ep,replay_2026_05_21_DesignCycle3_scale_ab_carpet_cardboard_design3_30ep.pt,cardboard,9,0.9,7.714285714285714,0.0,-2.740531897130686,175,30
3,2026_05_21_DesignCycle3_ep60,scale_ab_carpet_cardboard_design3_30ep,replay_2026_05_21_DesignCycle3_scale_ab_carpet_cardboard_design3_30ep.pt,cardboard,10,0.9,7.714285714285714,0.0,0.7925291382330186,175,30
3,2026_05_21_DesignCycle3_ep60,scale_ab_carpet_cardboard_design3_30ep,replay_2026_05_21_DesignCycle3_scale_ab_carpet_cardboard_design3_30ep.pt,cardboard,11,0.9,7.714285714285714,0.0,0.2855739388442075,175,30
3,2026_05_21_DesignCycle3_ep60,scale_ab_carpet_cardboard_design3_30ep,replay_2026_05_21_DesignCycle3_scale_ab_carpet_cardboard_design3_30ep.pt,cardboard,12,0.9,7.714285714285714,0.0,3.2544671064297614,175,30
3,2026_05_21_DesignCycle3_ep60,scale_ab_carpet_cardboard_design3_30ep,replay_2026_05_21_DesignCycle3_scale_ab_carpet_cardboard_design3_30ep.pt,cardboard,13,0.9,7.714285714285714,0.0,5.281035719514886,175,30
3,2026_05_21_DesignCycle3_ep60,scale_ab_carpet_cardboard_design3_30ep,replay_2026_05_21_DesignCycle3_scale_ab_carpet_cardboard_design3_30ep.pt,cardboard,14,0.9,7.714285714285714,0.0,6.406242653346044,175,30
3,2026_05_21_DesignCycle3_ep60,scale_ab_carpet_cardboard_design3_30ep,replay_2026_05_21_DesignCycle3_scale_ab_carpet_cardboard_design3_30ep.pt,cardboard,15,0.9,7.714285714285714,0.0,-2.7940737014706754,175,30
3,2026_05_21_DesignCycle3_ep60,scale_ab_carpet_cardboard_design3_30ep,replay_2026_05_21_DesignCycle3_scale_ab_carpet_cardboard_design3_30ep.pt,cardboard,16,0.9,7.714285714285714,0.0,1.883979019119758,175,30
3,2026_05_21_DesignCycle3_ep60,scale_ab_carpet_cardboard_design3_30ep,replay_2026_05_21_DesignCycle3_scale_ab_carpet_cardboard_design3_30ep.pt,cardboard,17,0.9,7.714285714285714,0.0,6.779419062399864,175,30
3,2026_05_21_DesignCycle3_ep60,scale_ab_carpet_cardboard_design3_30ep,replay_2026_05_21_DesignCycle3_scale_ab_carpet_cardboard_design3_30ep.pt,cardboard,18,0.9,7.714285714285714,0.0,-5.315678781833006,175,30
3,2026_05_21_DesignCycle3_ep60,scale_ab_carpet_cardboard_design3_30ep,replay_2026_05_21_DesignCycle3_scale_ab_carpet_cardboard_design3_30ep.pt,cardboard,19,0.9,7.714285714285714,0.0,2.332415181209063,175,30
3,2026_05_21_DesignCycle3_ep60,scale_ab_carpet_cardboard_design3_30ep,replay_2026_05_21_DesignCycle3_scale_ab_carpet_cardboard_design3_30ep.pt,cardboard,20,0.9,7.714285714285714,0.0,-3.0160278133198286,175,30
3,2026_05_21_DesignCycle3_ep60,scale_ab_carpet_cardboard_design3_30ep,replay_2026_05_21_DesignCycle3_scale_ab_carpet_cardboard_design3_30ep.pt,cardboard,21,0.9,7.714285714285714,0.0,-0.2431817401631925,175,30
3,2026_05_21_DesignCycle3_ep60,scale_ab_carpet_cardboard_design3_30ep,replay_2026_05_21_DesignCycle3_scale_ab_carpet_cardboard_design3_30ep.pt,cardboard,22,0.9,7.714285714285714,0.0,-1.981663684434255,175,30
3,2026_05_21_DesignCycle3_ep60,scale_ab_carpet_cardboard_design3_30ep,replay_2026_05_21_DesignCycle3_scale_ab_carpet_cardboard_design3_30ep.pt,cardboard,23,0.9,7.714285714285714,0.0,-1.3213253872634692,175,30
3,2026_05_21_DesignCycle3_ep60,scale_ab_carpet_cardboard_design3_30ep,replay_2026_05_21_DesignCycle3_scale_ab_carpet_cardboard_design3_30ep.pt,cardboard,24,0.9,7.714285714285714,0.0,1.2122461804509308,175,30
3,2026_05_21_DesignCycle3_ep60,scale_ab_carpet_cardboard_design3_30ep,replay_2026_05_21_DesignCycle3_scale_ab_carpet_cardboard_design3_30ep.pt,cardboard,25,0.9,7.714285714285714,0.0,2.922513415777455,175,30
3,2026_05_21_DesignCycle3_ep60,scale_ab_carpet_cardboard_design3_30ep,replay_2026_05_21_DesignCycle3_scale_ab_carpet_cardboard_design3_30ep.pt,cardboard,26,0.9,7.714285714285714,0.0,5.067243422239819,175,30
3,2026_05_21_DesignCycle3_ep60,scale_ab_carpet_cardboard_design3_30ep,replay_2026_05_21_DesignCycle3_scale_ab_carpet_cardboard_design3_30ep.pt,cardboard,27,0.9,7.714285714285714,0.0,4.381088186042722,175,30
3,2026_05_21_DesignCycle3_ep60,scale_ab_carpet_cardboard_design3_30ep,replay_2026_05_21_DesignCycle3_scale_ab_carpet_cardboard_design3_30ep.pt,cardboard,28,0.9,7.714285714285714,0.0,4.047911152411675,175,30
3,2026_05_21_DesignCycle3_ep60,scale_ab_carpet_cardboard_design3_30ep,replay_2026_05_21_DesignCycle3_scale_ab_carpet_cardboard_design3_30ep.pt,cardboard,29,0.9,7.714285714285714,0.0,3.429453476277129,175,30
3,2026_05_21_DesignCycle3_ep60,scale_ab_carpet_cardboard_design3_30ep,replay_2026_05_21_DesignCycle3_scale_ab_carpet_cardboard_design3_30ep.pt,carpet,0,0.9,7.714285714285714,0.0,31.99512930304321,175,30
3,2026_05_21_DesignCycle3_ep60,scale_ab_carpet_cardboard_design3_30ep,replay_2026_05_21_DesignCycle3_scale_ab_carpet_cardboard_design3_30ep.pt,carpet,1,0.9,7.714285714285714,0.0,27.34721340979364,175,30
3,2026_05_21_DesignCycle3_ep60,scale_ab_carpet_cardboard_design3_30ep,replay_2026_05_21_DesignCycle3_scale_ab_carpet_cardboard_design3_30ep.pt,carpet,2,0.9,7.714285714285714,0.0,27.738107424672567,175,30
3,2026_05_21_DesignCycle3_ep60,scale_ab_carpet_cardboard_design3_30ep,replay_2026_05_21_DesignCycle3_scale_ab_carpet_cardboard_design3_30ep.pt,carpet,3,0.9,7.714285714285714,0.0,24.760509869872674,175,30
3,2026_05_21_DesignCycle3_ep60,scale_ab_carpet_cardboard_design3_30ep,replay_2026_05_21_DesignCycle3_scale_ab_carpet_cardboard_design3_30ep.pt,carpet,4,0.9,7.714285714285714,0.0,26.287521502990106,175,30
3,2026_05_21_DesignCycle3_ep60,scale_ab_carpet_cardboard_design3_30ep,replay_2026_05_21_DesignCycle3_scale_ab_carpet_cardboard_design3_30ep.pt,carpet,5,0.9,7.714285714285714,0.0,18.823773575180116,175,30
3,2026_05_21_DesignCycle3_ep60,scale_ab_carpet_cardboard_design3_30ep,replay_2026_05_21_DesignCycle3_scale_ab_carpet_cardboard_design3_30ep.pt,carpet,6,0.9,7.714285714285714,0.0,24.243280584585523,175,30
3,2026_05_21_DesignCycle3_ep60,scale_ab_carpet_cardboard_design3_30ep,replay_2026_05_21_DesignCycle3_scale_ab_carpet_cardboard_design3_30ep.pt,carpet,7,0.9,7.714285714285714,0.0,17.119997104957974,175,30
3,2026_05_21_DesignCycle3_ep60,scale_ab_carpet_cardboard_design3_30ep,replay_2026_05_21_DesignCycle3_scale_ab_carpet_cardboard_design3_30ep.pt,carpet,8,0.9,7.714285714285714,0.0,27.99567053370209,175,30
3,2026_05_21_DesignCycle3_ep60,scale_ab_carpet_cardboard_design3_30ep,replay_2026_05_21_DesignCycle3_scale_ab_carpet_cardboard_design3_30ep.pt,carpet,9,0.9,7.714285714285714,0.0,23.57734169557265,175,30
3,2026_05_21_DesignCycle3_ep60,scale_ab_carpet_cardboard_design3_30ep,replay_2026_05_21_DesignCycle3_scale_ab_carpet_cardboard_design3_30ep.pt,carpet,10,0.9,7.714285714285714,0.0,27.95981126126252,175,30
3,2026_05_21_DesignCycle3_ep60,scale_ab_carpet_cardboard_design3_30ep,replay_2026_05_21_DesignCycle3_scale_ab_carpet_cardboard_design3_30ep.pt,carpet,11,0.9,7.714285714285714,0.0,27.43101322964518,175,30
3,2026_05_21_DesignCycle3_ep60,scale_ab_carpet_cardboard_design3_30ep,replay_2026_05_21_DesignCycle3_scale_ab_carpet_cardboard_design3_30ep.pt,carpet,12,0.9,7.714285714285714,0.0,31.98790955210439,175,30
3,2026_05_21_DesignCycle3_ep60,scale_ab_carpet_cardboard_design3_30ep,replay_2026_05_21_DesignCycle3_scale_ab_carpet_cardboard_design3_30ep.pt,carpet,13,0.9,7.714285714285714,0.0,27.506430728295243,175,30
3,2026_05_21_DesignCycle3_ep60,scale_ab_carpet_cardboard_design3_30ep,replay_2026_05_21_DesignCycle3_scale_ab_carpet_cardboard_design3_30ep.pt,carpet,14,0.9,7.714285714285714,0.0,18.054507728501424,175,30
3,2026_05_21_DesignCycle3_ep60,scale_ab_carpet_cardboard_design3_30ep,replay_2026_05_21_DesignCycle3_scale_ab_carpet_cardboard_design3_30ep.pt,carpet,15,0.9,7.714285714285714,0.0,21.37753143450294,175,30
3,2026_05_21_DesignCycle3_ep60,scale_ab_carpet_cardboard_design3_30ep,replay_2026_05_21_DesignCycle3_scale_ab_carpet_cardboard_design3_30ep.pt,carpet,16,0.9,7.714285714285714,0.0,23.868644995290317,175,30
3,2026_05_21_DesignCycle3_ep60,scale_ab_carpet_cardboard_design3_30ep,replay_2026_05_21_DesignCycle3_scale_ab_carpet_cardboard_design3_30ep.pt,carpet,17,0.9,7.714285714285714,0.0,22.622046686910547,175,30
3,2026_05_21_DesignCycle3_ep60,scale_ab_carpet_cardboard_design3_30ep,replay_2026_05_21_DesignCycle3_scale_ab_carpet_cardboard_design3_30ep.pt,carpet,18,0.9,7.714285714285714,0.0,26.091974452860317,175,30
3,2026_05_21_DesignCycle3_ep60,scale_ab_carpet_cardboard_design3_30ep,replay_2026_05_21_DesignCycle3_scale_ab_carpet_cardboard_design3_30ep.pt,carpet,19,0.9,7.714285714285714,0.0,29.115865482395545,175,30
3,2026_05_21_DesignCycle3_ep60,scale_ab_carpet_cardboard_design3_30ep,replay_2026_05_21_DesignCycle3_scale_ab_carpet_cardboard_design3_30ep.pt,carpet,20,0.9,7.714285714285714,0.0,28.313635362722227,175,30
3,2026_05_21_DesignCycle3_ep60,scale_ab_carpet_cardboard_design3_30ep,replay_2026_05_21_DesignCycle3_scale_ab_carpet_cardboard_design3_30ep.pt,carpet,21,0.9,7.714285714285714,0.0,30.096175801720328,175,30
3,2026_05_21_DesignCycle3_ep60,scale_ab_carpet_cardboard_design3_30ep,replay_2026_05_21_DesignCycle3_scale_ab_carpet_cardboard_design3_30ep.pt,carpet,22,0.9,7.714285714285714,0.0,18.82383424290133,175,30
3,2026_05_21_DesignCycle3_ep60,scale_ab_carpet_cardboard_design3_30ep,replay_2026_05_21_DesignCycle3_scale_ab_carpet_cardboard_design3_30ep.pt,carpet,23,0.9,7.714285714285714,0.0,25.13538059665901,175,30
3,2026_05_21_DesignCycle3_ep60,scale_ab_carpet_cardboard_design3_30ep,replay_2026_05_21_DesignCycle3_scale_ab_carpet_cardboard_design3_30ep.pt,carpet,24,0.9,7.714285714285714,0.0,22.88651413540605,175,30
3,2026_05_21_DesignCycle3_ep60,scale_ab_carpet_cardboard_design3_30ep,replay_2026_05_21_DesignCycle3_scale_ab_carpet_cardboard_design3_30ep.pt,carpet,25,0.9,7.714285714285714,0.0,21.163273768911274,175,30
3,2026_05_21_DesignCycle3_ep60,scale_ab_carpet_cardboard_design3_30ep,replay_2026_05_21_DesignCycle3_scale_ab_carpet_cardboard_design3_30ep.pt,carpet,26,0.9,7.714285714285714,0.0,21.778130739773825,175,30
3,2026_05_21_DesignCycle3_ep60,scale_ab_carpet_cardboard_design3_30ep,replay_2026_05_21_DesignCycle3_scale_ab_carpet_cardboard_design3_30ep.pt,carpet,27,0.9,7.714285714285714,0.0,20.902258424094185,175,30
3,2026_05_21_DesignCycle3_ep60,scale_ab_carpet_cardboard_design3_30ep,replay_2026_05_21_DesignCycle3_scale_ab_carpet_cardboard_design3_30ep.pt,carpet,28,0.9,7.714285714285714,0.0,23.497562747249006,175,30
3,2026_05_21_DesignCycle3_ep60,scale_ab_carpet_cardboard_design3_30ep,replay_2026_05_21_DesignCycle3_scale_ab_carpet_cardboard_design3_30ep.pt,carpet,29,0.9,7.714285714285714,0.0,28.027160561127317,175,30
