design_index,checkpoint,tag,replay,terrain,rollout_index,return,length,A_width_ratio,A_attack_angle_deg,A_actual_width,B_width_ratio,B_attack_angle_deg,B_actual_width,width_ratio,actual_width,attack_angle_deg
0,2026_05_22_DesignCycle0_ep60,scale_ab_carpet_cardboard_heterogeneous_design0_30ep,replay_2026_05_22_DesignCycle0_scale_ab_carpet_cardboard_heterogeneous_design0_30ep.pt,cardboard,0,-17.9366020844609,175,0.63,0.0,5.3999999999999995,0.9,30.0,7.714285714285714,0.63,5.3999999999999995,0.0
0,2026_05_22_DesignCycle0_ep60,scale_ab_carpet_cardboard_heterogeneous_design0_30ep,replay_2026_05_22_DesignCycle0_scale_ab_carpet_cardboard_heterogeneous_design0_30ep.pt,cardboard,1,-22.762820367461465,175,0.63,0.0,5.3999999999999995,0.9,30.0,7.714285714285714,0.63,5.3999999999999995,0.0
0,2026_05_22_DesignCycle0_ep60,scale_ab_carpet_cardboard_heterogeneous_design0_30ep,replay_2026_05_22_DesignCycle0_scale_ab_carpet_cardboard_heterogeneous_design0_30ep.pt,cardboard,2,-25.675235708353632,175,0.63,0.0,5.3999999999999995,0.9,30.0,7.714285714285714,0.63,5.3999999999999995,0.0
0,2026_05_22_DesignCycle0_ep60,scale_ab_carpet_cardboard_heterogeneous_design0_30ep,replay_2026_05_22_DesignCycle0_scale_ab_carpet_cardboard_heterogeneous_design0_30ep.pt,cardboard,3,7.976583360167751,175,0.63,0.0,5.3999999999999995,0.9,30.0,7.714285714285714,0.63,5.3999999999999995,0.0
0,2026_05_22_DesignCycle0_ep60,scale_ab_carpet_cardboard_heterogeneous_design0_30ep,replay_2026_05_22_DesignCycle0_scale_ab_carpet_cardboard_heterogeneous_design0_30ep.pt,cardboard,4,-2.7564423993800777,175,0.63,0.0,5.3999999999999995,0.9,30.0,7.714285714285714,0.63,5.3999999999999995,0.0
0,2026_05_22_DesignCycle0_ep60,scale_ab_carpet_cardboard_heterogeneous_design0_30ep,replay_2026_05_22_DesignCycle0_scale_ab_carpet_cardboard_heterogeneous_design0_30ep.pt,cardboard,5,-27.899328006708874,175,0.63,0.0,5.3999999999999995,0.9,30.0,7.714285714285714,0.63,5.3999999999999995,0.0
0,2026_05_22_DesignCycle0_ep60,scale_ab_carpet_cardboard_heterogeneous_design0_30ep,replay_2026_05_22_DesignCycle0_scale_ab_carpet_cardboard_heterogeneous_design0_30ep.pt,cardboard,6,3.6959610300213845,175,0.63,0.0,5.3999999999999995,0.9,30.0,7.714285714285714,0.63,5.3999999999999995,0.0
0,2026_05_22_DesignCycle0_ep60,scale_ab_carpet_cardboard_heterogeneous_design0_30ep,replay_2026_05_22_DesignCycle0_scale_ab_carpet_cardboard_heterogeneous_design0_30ep.pt,cardboard,7,2.5068359302585175,175,0.63,0.0,5.3999999999999995,0.9,30.0,7.714285714285714,0.63,5.3999999999999995,0.0
0,2026_05_22_DesignCycle0_ep60,scale_ab_carpet_cardboard_heterogeneous_design0_30ep,replay_2026_05_22_DesignCycle0_scale_ab_carpet_cardboard_heterogeneous_design0_30ep.pt,cardboard,8,2.732954506587408,175,0.63,0.0,5.3999999999999995,0.9,30.0,7.714285714285714,0.63,5.3999999999999995,0.0
0,2026_05_22_DesignCycle0_ep60,scale_ab_carpet_cardboard_heterogeneous_design0_30ep,replay_2026_05_22_DesignCycle0_scale_ab_carpet_cardboard_heterogeneous_design0_30ep.pt,cardboard,9,11.043046251116305,175,0.63,0.0,5.3999999999999995,0.9,30.0,7.714285714285714,0.63,5.3999999999999995,0.0
0,2026_05_22_DesignCycle0_ep60,scale_ab_carpet_cardboard_heterogeneous_design0_30ep,replay_2026_05_22_DesignCycle0_scale_ab_carpet_cardboard_heterogeneous_design0_30ep.pt,cardboard,10,5.5613390394647295,175,0.63,0.0,5.3999999999999995,0.9,30.0,7.714285714285714,0.63,5.3999999999999995,0.0
0,2026_05_22_DesignCycle0_ep60,scale_ab_carpet_cardboard_heterogeneous_design0_30ep,replay_2026_05_22_DesignCycle0_scale_ab_carpet_cardboard_heterogeneous_design0_30ep.pt,cardboard,11,7.412187780294777,175,0.63,0.0,5.3999999999999995,0.9,30.0,7.714285714285714,0.63,5.3999999999999995,0.0
0,2026_05_22_DesignCycle0_ep60,scale_ab_carpet_cardboard_heterogeneous_design0_30ep,replay_2026_05_22_DesignCycle0_scale_ab_carpet_cardboard_heterogeneous_design0_30ep.pt,cardboard,12,6.084152962752107,175,0.63,0.0,5.3999999999999995,0.9,30.0,7.714285714285714,0.63,5.3999999999999995,0.0
0,2026_05_22_DesignCycle0_ep60,scale_ab_carpet_cardboard_heterogeneous_design0_30ep,replay_2026_05_22_DesignCycle0_scale_ab_carpet_cardboard_heterogeneous_design0_30ep.pt,cardboard,13,10.523970707460988,175,0.63,0.0,5.3999999999999995,0.9,30.0,7.714285714285714,0.63,5.3999999999999995,0.0
0,2026_05_22_DesignCycle0_ep60,scale_ab_carpet_cardboard_heterogeneous_design0_30ep,replay_2026_05_22_DesignCycle0_scale_ab_carpet_cardboard_heterogeneous_design0_30ep.pt,cardboard,14,7.055427974561936,175,0.63,0.0,5.3999999999999995,0.9,30.0,7.714285714285714,0.63,5.3999999999999995,0.0
0,2026_05_22_DesignCycle0_ep60,scale_ab_carpet_cardboard_heterogeneous_design0_30ep,replay_2026_05_22_DesignCycle0_scale_ab_carpet_cardboard_heterogeneous_design0_30ep.pt,cardboard,15,6.769805619556606,175,0.63,0.0,5.3999999999999995,0.9,30.0,7.714285714285714,0.63,5.3999999999999995,0.0
0,2026_05_22_DesignCycle0_ep60,scale_ab_carpet_cardboard_heterogeneous_design0_30ep,replay_2026_05_22_DesignCycle0_scale_ab_carpet_cardboard_heterogeneous_design0_30ep.pt,cardboard,16,-0.4287407511072122,175,0.63,0.0,5.3999999999999995,0.9,30.0,7.714285714285714,0.63,5.3999999999999995,0.0
0,2026_05_22_DesignCycle0_ep60,scale_ab_carpet_cardboard_heterogeneous_design0_30ep,replay_2026_05_22_DesignCycle0_scale_ab_carpet_cardboard_heterogeneous_design0_30ep.pt,cardboard,17,-0.6897519267435537,175,0.63,0.0,5.3999999999999995,0.9,30.0,7.714285714285714,0.63,5.3999999999999995,0.0
0,2026_05_22_DesignCycle0_ep60,scale_ab_carpet_cardboard_heterogeneous_design0_30ep,replay_2026_05_22_DesignCycle0_scale_ab_carpet_cardboard_heterogeneous_design0_30ep.pt,cardboard,18,-4.155031437054563,175,0.63,0.0,5.3999999999999995,0.9,30.0,7.714285714285714,0.63,5.3999999999999995,0.0
0,2026_05_22_DesignCycle0_ep60,scale_ab_carpet_cardboard_heterogeneous_design0_30ep,replay_2026_05_22_DesignCycle0_scale_ab_carpet_cardboard_heterogeneous_design0_30ep.pt,cardboard,19,-3.8603098862711107,175,0.63,0.0,5.3999999999999995,0.9,30.0,7.714285714285714,0.63,5.3999999999999995,0.0
0,2026_05_22_DesignCycle0_ep60,scale_ab_carpet_cardboard_heterogeneous_design0_30ep,replay_2026_05_22_DesignCycle0_scale_ab_carpet_cardboard_heterogeneous_design0_30ep.pt,cardboard,20,2.7720578633333472,175,0.63,0.0,5.3999999999999995,0.9,30.0,7.714285714285714,0.63,5.3999999999999995,0.0
0,2026_05_22_DesignCycle0_ep60,scale_ab_carpet_cardboard_heterogeneous_design0_30ep,replay_2026_05_22_DesignCycle0_scale_ab_carpet_cardboard_heterogeneous_design0_30ep.pt,cardboard,21,-0.6609819070518276,175,0.63,0.0,5.3999999999999995,0.9,30.0,7.714285714285714,0.63,5.3999999999999995,0.0
0,2026_05_22_DesignCycle0_ep60,scale_ab_carpet_cardboard_heterogeneous_design0_30ep,replay_2026_05_22_DesignCycle0_scale_ab_carpet_cardboard_heterogeneous_design0_30ep.pt,cardboard,22,11.432924674798542,175,0.63,0.0,5.3999999999999995,0.9,30.0,7.714285714285714,0.63,5.3999999999999995,0.0
0,2026_05_22_DesignCycle0_ep60,scale_ab_carpet_cardboard_heterogeneous_design0_30ep,replay_2026_05_22_DesignCycle0_scale_ab_carpet_cardboard_heterogeneous_design0_30ep.pt,cardboard,23,5.8362698604971985,175,0.63,0.0,5.3999999999999995,0.9,30.0,7.714285714285714,0.63,5.3999999999999995,0.0
0,2026_05_22_DesignCycle0_ep60,scale_ab_carpet_cardboard_heterogeneous_design0_30ep,replay_2026_05_22_DesignCycle0_scale_ab_carpet_cardboard_heterogeneous_design0_30ep.pt,cardboard,24,7.538426101589392,175,0.63,0.0,5.3999999999999995,0.9,30.0,7.714285714285714,0.63,5.3999999999999995,0.0
0,2026_05_22_DesignCycle0_ep60,scale_ab_carpet_cardboard_heterogeneous_design0_30ep,replay_2026_05_22_DesignCycle0_scale_ab_carpet_cardboard_heterogeneous_design0_30ep.pt,cardboard,25,12.605527641555923,175,0.63,0.0,5.3999999999999995,0.9,30.0,7.714285714285714,0.63,5.3999999999999995,0.0
0,2026_05_22_DesignCycle0_ep60,scale_ab_carpet_cardboard_heterogeneous_design0_30ep,replay_2026_05_22_DesignCycle0_scale_ab_carpet_cardboard_heterogeneous_design0_30ep.pt,cardboard,26,11.975765466796002,175,0.63,0.0,5.3999999999999995,0.9,30.0,7.714285714285714,0.63,5.3999999999999995,0.0
0,2026_05_22_DesignCycle0_ep60,scale_ab_carpet_cardboard_heterogeneous_design0_30ep,replay_2026_05_22_DesignCycle0_scale_ab_carpet_cardboard_heterogeneous_design0_30ep.pt,cardboard,27,8.991634563114859,175,0.63,0.0,5.3999999999999995,0.9,30.0,7.714285714285714,0.63,5.3999999999999995,0.0
0,2026_05_22_DesignCycle0_ep60,scale_ab_carpet_cardboard_heterogeneous_design0_30ep,replay_2026_05_22_DesignCycle0_scale_ab_carpet_cardboard_heterogeneous_design0_30ep.pt,cardboard,28,6.851807990731202,175,0.63,0.0,5.3999999999999995,0.9,30.0,7.714285714285714,0.63,5.3999999999999995,0.0
0,2026_05_22_DesignCycle0_ep60,scale_ab_carpet_cardboard_heterogeneous_design0_30ep,replay_2026_05_22_DesignCycle0_scale_ab_carpet_cardboard_heterogeneous_design0_30ep.pt,cardboard,29,8.435593329746228,175,0.63,0.0,5.3999999999999995,0.9,30.0,7.714285714285714,0.63,5.3999999999999995,0.0
0,2026_05_22_DesignCycle0_ep60,scale_ab_carpet_cardboard_heterogeneous_design0_30ep,replay_2026_05_22_DesignCycle0_scale_ab_carpet_cardboard_heterogeneous_design0_30ep.pt,carpet,0,13.720099091330653,175,0.63,0.0,5.3999999999999995,0.9,30.0,7.714285714285714,0.63,5.3999999999999995,0.0
0,2026_05_22_DesignCycle0_ep60,scale_ab_carpet_cardboard_heterogeneous_design0_30ep,replay_2026_05_22_DesignCycle0_scale_ab_carpet_cardboard_heterogeneous_design0_30ep.pt,carpet,1,17.81826529232686,175,0.63,0.0,5.3999999999999995,0.9,30.0,7.714285714285714,0.63,5.3999999999999995,0.0
0,2026_05_22_DesignCycle0_ep60,scale_ab_carpet_cardboard_heterogeneous_design0_30ep,replay_2026_05_22_DesignCycle0_scale_ab_carpet_cardboard_heterogeneous_design0_30ep.pt,carpet,2,28.322980202063956,175,0.63,0.0,5.3999999999999995,0.9,30.0,7.714285714285714,0.63,5.3999999999999995,0.0
0,2026_05_22_DesignCycle0_ep60,scale_ab_carpet_cardboard_heterogeneous_design0_30ep,replay_2026_05_22_DesignCycle0_scale_ab_carpet_cardboard_heterogeneous_design0_30ep.pt,carpet,3,21.53950868706969,175,0.63,0.0,5.3999999999999995,0.9,30.0,7.714285714285714,0.63,5.3999999999999995,0.0
0,2026_05_22_DesignCycle0_ep60,scale_ab_carpet_cardboard_heterogeneous_design0_30ep,replay_2026_05_22_DesignCycle0_scale_ab_carpet_cardboard_heterogeneous_design0_30ep.pt,carpet,4,11.737132584096024,175,0.63,0.0,5.3999999999999995,0.9,30.0,7.714285714285714,0.63,5.3999999999999995,0.0
0,2026_05_22_DesignCycle0_ep60,scale_ab_carpet_cardboard_heterogeneous_design0_30ep,replay_2026_05_22_DesignCycle0_scale_ab_carpet_cardboard_heterogeneous_design0_30ep.pt,carpet,5,16.219314946189808,175,0.63,0.0,5.3999999999999995,0.9,30.0,7.714285714285714,0.63,5.3999999999999995,0.0
0,2026_05_22_DesignCycle0_ep60,scale_ab_carpet_cardboard_heterogeneous_design0_30ep,replay_2026_05_22_DesignCycle0_scale_ab_carpet_cardboard_heterogeneous_design0_30ep.pt,carpet,6,20.241957591176188,175,0.63,0.0,5.3999999999999995,0.9,30.0,7.714285714285714,0.63,5.3999999999999995,0.0
0,2026_05_22_DesignCycle0_ep60,scale_ab_carpet_cardboard_heterogeneous_design0_30ep,replay_2026_05_22_DesignCycle0_scale_ab_carpet_cardboard_heterogeneous_design0_30ep.pt,carpet,7,21.28955856772498,175,0.63,0.0,5.3999999999999995,0.9,30.0,7.714285714285714,0.63,5.3999999999999995,0.0
0,2026_05_22_DesignCycle0_ep60,scale_ab_carpet_cardboard_heterogeneous_design0_30ep,replay_2026_05_22_DesignCycle0_scale_ab_carpet_cardboard_heterogeneous_design0_30ep.pt,carpet,8,17.814255996629786,175,0.63,0.0,5.3999999999999995,0.9,30.0,7.714285714285714,0.63,5.3999999999999995,0.0
0,2026_05_22_DesignCycle0_ep60,scale_ab_carpet_cardboard_heterogeneous_design0_30ep,replay_2026_05_22_DesignCycle0_scale_ab_carpet_cardboard_heterogeneous_design0_30ep.pt,carpet,9,21.137077699549778,175,0.63,0.0,5.3999999999999995,0.9,30.0,7.714285714285714,0.63,5.3999999999999995,0.0
0,2026_05_22_DesignCycle0_ep60,scale_ab_carpet_cardboard_heterogeneous_design0_30ep,replay_2026_05_22_DesignCycle0_scale_ab_carpet_cardboard_heterogeneous_design0_30ep.pt,carpet,10,11.675650217636823,175,0.63,0.0,5.3999999999999995,0.9,30.0,7.714285714285714,0.63,5.3999999999999995,0.0
0,2026_05_22_DesignCycle0_ep60,scale_ab_carpet_cardboard_heterogeneous_design0_30ep,replay_2026_05_22_DesignCycle0_scale_ab_carpet_cardboard_heterogeneous_design0_30ep.pt,carpet,11,15.601992603387885,175,0.63,0.0,5.3999999999999995,0.9,30.0,7.714285714285714,0.63,5.3999999999999995,0.0
0,2026_05_22_DesignCycle0_ep60,scale_ab_carpet_cardboard_heterogeneous_design0_30ep,replay_2026_05_22_DesignCycle0_scale_ab_carpet_cardboard_heterogeneous_design0_30ep.pt,carpet,12,13.695972189469114,175,0.63,0.0,5.3999999999999995,0.9,30.0,7.714285714285714,0.63,5.3999999999999995,0.0
0,2026_05_22_DesignCycle0_ep60,scale_ab_carpet_cardboard_heterogeneous_design0_30ep,replay_2026_05_22_DesignCycle0_scale_ab_carpet_cardboard_heterogeneous_design0_30ep.pt,carpet,13,16.740426798822245,175,0.63,0.0,5.3999999999999995,0.9,30.0,7.714285714285714,0.63,5.3999999999999995,0.0
0,2026_05_22_DesignCycle0_ep60,scale_ab_carpet_cardboard_heterogeneous_design0_30ep,replay_2026_05_22_DesignCycle0_scale_ab_carpet_cardboard_heterogeneous_design0_30ep.pt,carpet,14,13.572033062513476,175,0.63,0.0,5.3999999999999995,0.9,30.0,7.714285714285714,0.63,5.3999999999999995,0.0
0,2026_05_22_DesignCycle0_ep60,scale_ab_carpet_cardboard_heterogeneous_design0_30ep,replay_2026_05_22_DesignCycle0_scale_ab_carpet_cardboard_heterogeneous_design0_30ep.pt,carpet,15,15.812125427529551,175,0.63,0.0,5.3999999999999995,0.9,30.0,7.714285714285714,0.63,5.3999999999999995,0.0
0,2026_05_22_DesignCycle0_ep60,scale_ab_carpet_cardboard_heterogeneous_design0_30ep,replay_2026_05_22_DesignCycle0_scale_ab_carpet_cardboard_heterogeneous_design0_30ep.pt,carpet,16,19.90109407846051,175,0.63,0.0,5.3999999999999995,0.9,30.0,7.714285714285714,0.63,5.3999999999999995,0.0
0,2026_05_22_DesignCycle0_ep60,scale_ab_carpet_cardboard_heterogeneous_design0_30ep,replay_2026_05_22_DesignCycle0_scale_ab_carpet_cardboard_heterogeneous_design0_30ep.pt,carpet,17,15.779404730194031,175,0.63,0.0,5.3999999999999995,0.9,30.0,7.714285714285714,0.63,5.3999999999999995,0.0
0,2026_05_22_DesignCycle0_ep60,scale_ab_carpet_cardboard_heterogeneous_design0_30ep,replay_2026_05_22_DesignCycle0_scale_ab_carpet_cardboard_heterogeneous_design0_30ep.pt,carpet,18,16.875440055165974,175,0.63,0.0,5.3999999999999995,0.9,30.0,7.714285714285714,0.63,5.3999999999999995,0.0
0,2026_05_22_DesignCycle0_ep60,scale_ab_carpet_cardboard_heterogeneous_design0_30ep,replay_2026_05_22_DesignCycle0_scale_ab_carpet_cardboard_heterogeneous_design0_30ep.pt,carpet,19,13.668228907053944,175,0.63,0.0,5.3999999999999995,0.9,30.0,7.714285714285714,0.63,5.3999999999999995,0.0
0,2026_05_22_DesignCycle0_ep60,scale_ab_carpet_cardboard_heterogeneous_design0_30ep,replay_2026_05_22_DesignCycle0_scale_ab_carpet_cardboard_heterogeneous_design0_30ep.pt,carpet,20,15.154970642813742,175,0.63,0.0,5.3999999999999995,0.9,30.0,7.714285714285714,0.63,5.3999999999999995,0.0
0,2026_05_22_DesignCycle0_ep60,scale_ab_carpet_cardboard_heterogeneous_design0_30ep,replay_2026_05_22_DesignCycle0_scale_ab_carpet_cardboard_heterogeneous_design0_30ep.pt,carpet,21,15.593893501742132,175,0.63,0.0,5.3999999999999995,0.9,30.0,7.714285714285714,0.63,5.3999999999999995,0.0
0,2026_05_22_DesignCycle0_ep60,scale_ab_carpet_cardboard_heterogeneous_design0_30ep,replay_2026_05_22_DesignCycle0_scale_ab_carpet_cardboard_heterogeneous_design0_30ep.pt,carpet,22,15.15953901523839,175,0.63,0.0,5.3999999999999995,0.9,30.0,7.714285714285714,0.63,5.3999999999999995,0.0
0,2026_05_22_DesignCycle0_ep60,scale_ab_carpet_cardboard_heterogeneous_design0_30ep,replay_2026_05_22_DesignCycle0_scale_ab_carpet_cardboard_heterogeneous_design0_30ep.pt,carpet,23,14.416365976786546,175,0.63,0.0,5.3999999999999995,0.9,30.0,7.714285714285714,0.63,5.3999999999999995,0.0
0,2026_05_22_DesignCycle0_ep60,scale_ab_carpet_cardboard_heterogeneous_design0_30ep,replay_2026_05_22_DesignCycle0_scale_ab_carpet_cardboard_heterogeneous_design0_30ep.pt,carpet,24,15.29097123922916,175,0.63,0.0,5.3999999999999995,0.9,30.0,7.714285714285714,0.63,5.3999999999999995,0.0
0,2026_05_22_DesignCycle0_ep60,scale_ab_carpet_cardboard_heterogeneous_design0_30ep,replay_2026_05_22_DesignCycle0_scale_ab_carpet_cardboard_heterogeneous_design0_30ep.pt,carpet,25,16.998616656473317,175,0.63,0.0,5.3999999999999995,0.9,30.0,7.714285714285714,0.63,5.3999999999999995,0.0
0,2026_05_22_DesignCycle0_ep60,scale_ab_carpet_cardboard_heterogeneous_design0_30ep,replay_2026_05_22_DesignCycle0_scale_ab_carpet_cardboard_heterogeneous_design0_30ep.pt,carpet,26,14.95739443294388,175,0.63,0.0,5.3999999999999995,0.9,30.0,7.714285714285714,0.63,5.3999999999999995,0.0
0,2026_05_22_DesignCycle0_ep60,scale_ab_carpet_cardboard_heterogeneous_design0_30ep,replay_2026_05_22_DesignCycle0_scale_ab_carpet_cardboard_heterogeneous_design0_30ep.pt,carpet,27,17.747286963866,175,0.63,0.0,5.3999999999999995,0.9,30.0,7.714285714285714,0.63,5.3999999999999995,0.0
0,2026_05_22_DesignCycle0_ep60,scale_ab_carpet_cardboard_heterogeneous_design0_30ep,replay_2026_05_22_DesignCycle0_scale_ab_carpet_cardboard_heterogeneous_design0_30ep.pt,carpet,28,16.44217889460078,175,0.63,0.0,5.3999999999999995,0.9,30.0,7.714285714285714,0.63,5.3999999999999995,0.0
0,2026_05_22_DesignCycle0_ep60,scale_ab_carpet_cardboard_heterogeneous_design0_30ep,replay_2026_05_22_DesignCycle0_scale_ab_carpet_cardboard_heterogeneous_design0_30ep.pt,carpet,29,17.86511585294643,175,0.63,0.0,5.3999999999999995,0.9,30.0,7.714285714285714,0.63,5.3999999999999995,0.0
1,2026_05_23_DesignCycle1_ep59,scale_ab_carpet_cardboard_heterogeneous_design1_30ep,replay_2026_05_23_DesignCycle1_scale_ab_carpet_cardboard_heterogeneous_design1_30ep.pt,cardboard,0,12.925497235196245,175,0.9,30.0,7.714285714285714,0.63,0.0,5.3999999999999995,0.9,7.714285714285714,30.0
1,2026_05_23_DesignCycle1_ep59,scale_ab_carpet_cardboard_heterogeneous_design1_30ep,replay_2026_05_23_DesignCycle1_scale_ab_carpet_cardboard_heterogeneous_design1_30ep.pt,cardboard,1,5.4128134965197185,175,0.9,30.0,7.714285714285714,0.63,0.0,5.3999999999999995,0.9,7.714285714285714,30.0
1,2026_05_23_DesignCycle1_ep59,scale_ab_carpet_cardboard_heterogeneous_design1_30ep,replay_2026_05_23_DesignCycle1_scale_ab_carpet_cardboard_heterogeneous_design1_30ep.pt,cardboard,2,6.962536010456394,175,0.9,30.0,7.714285714285714,0.63,0.0,5.3999999999999995,0.9,7.714285714285714,30.0
1,2026_05_23_DesignCycle1_ep59,scale_ab_carpet_cardboard_heterogeneous_design1_30ep,replay_2026_05_23_DesignCycle1_scale_ab_carpet_cardboard_heterogeneous_design1_30ep.pt,cardboard,3,8.702776409584226,175,0.9,30.0,7.714285714285714,0.63,0.0,5.3999999999999995,0.9,7.714285714285714,30.0
1,2026_05_23_DesignCycle1_ep59,scale_ab_carpet_cardboard_heterogeneous_design1_30ep,replay_2026_05_23_DesignCycle1_scale_ab_carpet_cardboard_heterogeneous_design1_30ep.pt,cardboard,4,3.9139354315400547,175,0.9,30.0,7.714285714285714,0.63,0.0,5.3999999999999995,0.9,7.714285714285714,30.0
1,2026_05_23_DesignCycle1_ep59,scale_ab_carpet_cardboard_heterogeneous_design1_30ep,replay_2026_05_23_DesignCycle1_scale_ab_carpet_cardboard_heterogeneous_design1_30ep.pt,cardboard,5,3.6745808562165534,175,0.9,30.0,7.714285714285714,0.63,0.0,5.3999999999999995,0.9,7.714285714285714,30.0
1,2026_05_23_DesignCycle1_ep59,scale_ab_carpet_cardboard_heterogeneous_design1_30ep,replay_2026_05_23_DesignCycle1_scale_ab_carpet_cardboard_heterogeneous_design1_30ep.pt,cardboard,6,5.309112408983668,175,0.9,30.0,7.714285714285714,0.63,0.0,5.3999999999999995,0.9,7.714285714285714,30.0
1,2026_05_23_DesignCycle1_ep59,scale_ab_carpet_cardboard_heterogeneous_design1_30ep,replay_2026_05_23_DesignCycle1_scale_ab_carpet_cardboard_heterogeneous_design1_30ep.pt,cardboard,7,6.602487059441269,175,0.9,30.0,7.714285714285714,0.63,0.0,5.3999999999999995,0.9,7.714285714285714,30.0
1,2026_05_23_DesignCycle1_ep59,scale_ab_carpet_cardboard_heterogeneous_design1_30ep,replay_2026_05_23_DesignCycle1_scale_ab_carpet_cardboard_heterogeneous_design1_30ep.pt,cardboard,8,0.5489758642779137,175,0.9,30.0,7.714285714285714,0.63,0.0,5.3999999999999995,0.9,7.714285714285714,30.0
1,2026_05_23_DesignCycle1_ep59,scale_ab_carpet_cardboard_heterogeneous_design1_30ep,replay_2026_05_23_DesignCycle1_scale_ab_carpet_cardboard_heterogeneous_design1_30ep.pt,cardboard,9,4.935960515054277,175,0.9,30.0,7.714285714285714,0.63,0.0,5.3999999999999995,0.9,7.714285714285714,30.0
1,2026_05_23_DesignCycle1_ep59,scale_ab_carpet_cardboard_heterogeneous_design1_30ep,replay_2026_05_23_DesignCycle1_scale_ab_carpet_cardboard_heterogeneous_design1_30ep.pt,cardboard,10,1.8627879244495023,175,0.9,30.0,7.714285714285714,0.63,0.0,5.3999999999999995,0.9,7.714285714285714,30.0
1,2026_05_23_DesignCycle1_ep59,scale_ab_carpet_cardboard_heterogeneous_design1_30ep,replay_2026_05_23_DesignCycle1_scale_ab_carpet_cardboard_heterogeneous_design1_30ep.pt,cardboard,11,0.3844772351106732,175,0.9,30.0,7.714285714285714,0.63,0.0,5.3999999999999995,0.9,7.714285714285714,30.0
1,2026_05_23_DesignCycle1_ep59,scale_ab_carpet_cardboard_heterogeneous_design1_30ep,replay_2026_05_23_DesignCycle1_scale_ab_carpet_cardboard_heterogeneous_design1_30ep.pt,cardboard,12,0.7466679477506394,175,0.9,30.0,7.714285714285714,0.63,0.0,5.3999999999999995,0.9,7.714285714285714,30.0
1,2026_05_23_DesignCycle1_ep59,scale_ab_carpet_cardboard_heterogeneous_design1_30ep,replay_2026_05_23_DesignCycle1_scale_ab_carpet_cardboard_heterogeneous_design1_30ep.pt,cardboard,13,4.032615091221505,175,0.9,30.0,7.714285714285714,0.63,0.0,5.3999999999999995,0.9,7.714285714285714,30.0
1,2026_05_23_DesignCycle1_ep59,scale_ab_carpet_cardboard_heterogeneous_design1_30ep,replay_2026_05_23_DesignCycle1_scale_ab_carpet_cardboard_heterogeneous_design1_30ep.pt,cardboard,14,2.2731901238219865,175,0.9,30.0,7.714285714285714,0.63,0.0,5.3999999999999995,0.9,7.714285714285714,30.0
1,2026_05_23_DesignCycle1_ep59,scale_ab_carpet_cardboard_heterogeneous_design1_30ep,replay_2026_05_23_DesignCycle1_scale_ab_carpet_cardboard_heterogeneous_design1_30ep.pt,cardboard,15,6.871076686124427,175,0.9,30.0,7.714285714285714,0.63,0.0,5.3999999999999995,0.9,7.714285714285714,30.0
1,2026_05_23_DesignCycle1_ep59,scale_ab_carpet_cardboard_heterogeneous_design1_30ep,replay_2026_05_23_DesignCycle1_scale_ab_carpet_cardboard_heterogeneous_design1_30ep.pt,cardboard,16,6.9886965923415305,175,0.9,30.0,7.714285714285714,0.63,0.0,5.3999999999999995,0.9,7.714285714285714,30.0
1,2026_05_23_DesignCycle1_ep59,scale_ab_carpet_cardboard_heterogeneous_design1_30ep,replay_2026_05_23_DesignCycle1_scale_ab_carpet_cardboard_heterogeneous_design1_30ep.pt,cardboard,17,8.437456452264449,175,0.9,30.0,7.714285714285714,0.63,0.0,5.3999999999999995,0.9,7.714285714285714,30.0
1,2026_05_23_DesignCycle1_ep59,scale_ab_carpet_cardboard_heterogeneous_design1_30ep,replay_2026_05_23_DesignCycle1_scale_ab_carpet_cardboard_heterogeneous_design1_30ep.pt,cardboard,18,5.941785010116782,175,0.9,30.0,7.714285714285714,0.63,0.0,5.3999999999999995,0.9,7.714285714285714,30.0
1,2026_05_23_DesignCycle1_ep59,scale_ab_carpet_cardboard_heterogeneous_design1_30ep,replay_2026_05_23_DesignCycle1_scale_ab_carpet_cardboard_heterogeneous_design1_30ep.pt,cardboard,19,12.838714691161513,175,0.9,30.0,7.714285714285714,0.63,0.0,5.3999999999999995,0.9,7.714285714285714,30.0
1,2026_05_23_DesignCycle1_ep59,scale_ab_carpet_cardboard_heterogeneous_design1_30ep,replay_2026_05_23_DesignCycle1_scale_ab_carpet_cardboard_heterogeneous_design1_30ep.pt,cardboard,20,-0.9864601990425463,175,0.9,30.0,7.714285714285714,0.63,0.0,5.3999999999999995,0.9,7.714285714285714,30.0
1,2026_05_23_DesignCycle1_ep59,scale_ab_carpet_cardboard_heterogeneous_design1_30ep,replay_2026_05_23_DesignCycle1_scale_ab_carpet_cardboard_heterogeneous_design1_30ep.pt,cardboard,21,11.714600842890226,175,0.9,30.0,7.714285714285714,0.63,0.0,5.3999999999999995,0.9,7.714285714285714,30.0
1,2026_05_23_DesignCycle1_ep59,scale_ab_carpet_cardboard_heterogeneous_design1_30ep,replay_2026_05_23_DesignCycle1_scale_ab_carpet_cardboard_heterogeneous_design1_30ep.pt,cardboard,22,9.927237163329252,175,0.9,30.0,7.714285714285714,0.63,0.0,5.3999999999999995,0.9,7.714285714285714,30.0
1,2026_05_23_DesignCycle1_ep59,scale_ab_carpet_cardboard_heterogeneous_design1_30ep,replay_2026_05_23_DesignCycle1_scale_ab_carpet_cardboard_heterogeneous_design1_30ep.pt,cardboard,23,8.009567991237027,175,0.9,30.0,7.714285714285714,0.63,0.0,5.3999999999999995,0.9,7.714285714285714,30.0
1,2026_05_23_DesignCycle1_ep59,scale_ab_carpet_cardboard_heterogeneous_design1_30ep,replay_2026_05_23_DesignCycle1_scale_ab_carpet_cardboard_heterogeneous_design1_30ep.pt,cardboard,24,2.797383020597724,175,0.9,30.0,7.714285714285714,0.63,0.0,5.3999999999999995,0.9,7.714285714285714,30.0
1,2026_05_23_DesignCycle1_ep59,scale_ab_carpet_cardboard_heterogeneous_design1_30ep,replay_2026_05_23_DesignCycle1_scale_ab_carpet_cardboard_heterogeneous_design1_30ep.pt,cardboard,25,8.969000798895706,175,0.9,30.0,7.714285714285714,0.63,0.0,5.3999999999999995,0.9,7.714285714285714,30.0
1,2026_05_23_DesignCycle1_ep59,scale_ab_carpet_cardboard_heterogeneous_design1_30ep,replay_2026_05_23_DesignCycle1_scale_ab_carpet_cardboard_heterogeneous_design1_30ep.pt,cardboard,26,9.0258629098179,175,0.9,30.0,7.714285714285714,0.63,0.0,5.3999999999999995,0.9,7.714285714285714,30.0
1,2026_05_23_DesignCycle1_ep59,scale_ab_carpet_cardboard_heterogeneous_design1_30ep,replay_2026_05_23_DesignCycle1_scale_ab_carpet_cardboard_heterogeneous_design1_30ep.pt,cardboard,27,13.90746318158394,175,0.9,30.0,7.714285714285714,0.63,0.0,5.3999999999999995,0.9,7.714285714285714,30.0
1,2026_05_23_DesignCycle1_ep59,scale_ab_carpet_cardboard_heterogeneous_design1_30ep,replay_2026_05_23_DesignCycle1_scale_ab_carpet_cardboard_heterogeneous_design1_30ep.pt,cardboard,28,2.966902624016909,175,0.9,30.0,7.714285714285714,0.63,0.0,5.3999999999999995,0.9,7.714285714285714,30.0
1,2026_05_23_DesignCycle1_ep59,scale_ab_carpet_cardboard_heterogeneous_design1_30ep,replay_2026_05_23_DesignCycle1_scale_ab_carpet_cardboard_heterogeneous_design1_30ep.pt,cardboard,29,5.552170135076329,175,0.9,30.0,7.714285714285714,0.63,0.0,5.3999999999999995,0.9,7.714285714285714,30.0
1,2026_05_23_DesignCycle1_ep59,scale_ab_carpet_cardboard_heterogeneous_design1_30ep,replay_2026_05_23_DesignCycle1_scale_ab_carpet_cardboard_heterogeneous_design1_30ep.pt,carpet,0,17.73096853495084,175,0.9,30.0,7.714285714285714,0.63,0.0,5.3999999999999995,0.9,7.714285714285714,30.0
1,2026_05_23_DesignCycle1_ep59,scale_ab_carpet_cardboard_heterogeneous_design1_30ep,replay_2026_05_23_DesignCycle1_scale_ab_carpet_cardboard_heterogeneous_design1_30ep.pt,carpet,1,17.001803024784746,175,0.9,30.0,7.714285714285714,0.63,0.0,5.3999999999999995,0.9,7.714285714285714,30.0
1,2026_05_23_DesignCycle1_ep59,scale_ab_carpet_cardboard_heterogeneous_design1_30ep,replay_2026_05_23_DesignCycle1_scale_ab_carpet_cardboard_heterogeneous_design1_30ep.pt,carpet,2,12.893717828664341,175,0.9,30.0,7.714285714285714,0.63,0.0,5.3999999999999995,0.9,7.714285714285714,30.0
1,2026_05_23_DesignCycle1_ep59,scale_ab_carpet_cardboard_heterogeneous_design1_30ep,replay_2026_05_23_DesignCycle1_scale_ab_carpet_cardboard_heterogeneous_design1_30ep.pt,carpet,3,5.585650449052818,175,0.9,30.0,7.714285714285714,0.63,0.0,5.3999999999999995,0.9,7.714285714285714,30.0
1,2026_05_23_DesignCycle1_ep59,scale_ab_carpet_cardboard_heterogeneous_design1_30ep,replay_2026_05_23_DesignCycle1_scale_ab_carpet_cardboard_heterogeneous_design1_30ep.pt,carpet,4,21.367491090684393,175,0.9,30.0,7.714285714285714,0.63,0.0,5.3999999999999995,0.9,7.714285714285714,30.0
1,2026_05_23_DesignCycle1_ep59,scale_ab_carpet_cardboard_heterogeneous_design1_30ep,replay_2026_05_23_DesignCycle1_scale_ab_carpet_cardboard_heterogeneous_design1_30ep.pt,carpet,5,13.09553359721818,175,0.9,30.0,7.714285714285714,0.63,0.0,5.3999999999999995,0.9,7.714285714285714,30.0
1,2026_05_23_DesignCycle1_ep59,scale_ab_carpet_cardboard_heterogeneous_design1_30ep,replay_2026_05_23_DesignCycle1_scale_ab_carpet_cardboard_heterogeneous_design1_30ep.pt,carpet,6,13.4564868367675,175,0.9,30.0,7.714285714285714,0.63,0.0,5.3999999999999995,0.9,7.714285714285714,30.0
1,2026_05_23_DesignCycle1_ep59,scale_ab_carpet_cardboard_heterogeneous_design1_30ep,replay_2026_05_23_DesignCycle1_scale_ab_carpet_cardboard_heterogeneous_design1_30ep.pt,carpet,7,17.787934465824634,175,0.9,30.0,7.714285714285714,0.63,0.0,5.3999999999999995,0.9,7.714285714285714,30.0
1,2026_05_23_DesignCycle1_ep59,scale_ab_carpet_cardboard_heterogeneous_design1_30ep,replay_2026_05_23_DesignCycle1_scale_ab_carpet_cardboard_heterogeneous_design1_30ep.pt,carpet,8,20.985778672247093,175,0.9,30.0,7.714285714285714,0.63,0.0,5.3999999999999995,0.9,7.714285714285714,30.0
1,2026_05_23_DesignCycle1_ep59,scale_ab_carpet_cardboard_heterogeneous_design1_30ep,replay_2026_05_23_DesignCycle1_scale_ab_carpet_cardboard_heterogeneous_design1_30ep.pt,carpet,9,13.170656729753148,175,0.9,30.0,7.714285714285714,0.63,0.0,5.3999999999999995,0.9,7.714285714285714,30.0
1,2026_05_23_DesignCycle1_ep59,scale_ab_carpet_cardboard_heterogeneous_design1_30ep,replay_2026_05_23_DesignCycle1_scale_ab_carpet_cardboard_heterogeneous_design1_30ep.pt,carpet,10,12.998798952319136,175,0.9,30.0,7.714285714285714,0.63,0.0,5.3999999999999995,0.9,7.714285714285714,30.0
1,2026_05_23_DesignCycle1_ep59,scale_ab_carpet_cardboard_heterogeneous_design1_30ep,replay_2026_05_23_DesignCycle1_scale_ab_carpet_cardboard_heterogeneous_design1_30ep.pt,carpet,11,17.18742558625689,175,0.9,30.0,7.714285714285714,0.63,0.0,5.3999999999999995,0.9,7.714285714285714,30.0
1,2026_05_23_DesignCycle1_ep59,scale_ab_carpet_cardboard_heterogeneous_design1_30ep,replay_2026_05_23_DesignCycle1_scale_ab_carpet_cardboard_heterogeneous_design1_30ep.pt,carpet,12,16.674007179965997,175,0.9,30.0,7.714285714285714,0.63,0.0,5.3999999999999995,0.9,7.714285714285714,30.0
1,2026_05_23_DesignCycle1_ep59,scale_ab_carpet_cardboard_heterogeneous_design1_30ep,replay_2026_05_23_DesignCycle1_scale_ab_carpet_cardboard_heterogeneous_design1_30ep.pt,carpet,13,12.555699283312432,175,0.9,30.0,7.714285714285714,0.63,0.0,5.3999999999999995,0.9,7.714285714285714,30.0
1,2026_05_23_DesignCycle1_ep59,scale_ab_carpet_cardboard_heterogeneous_design1_30ep,replay_2026_05_23_DesignCycle1_scale_ab_carpet_cardboard_heterogeneous_design1_30ep.pt,carpet,14,12.729960573511905,175,0.9,30.0,7.714285714285714,0.63,0.0,5.3999999999999995,0.9,7.714285714285714,30.0
1,2026_05_23_DesignCycle1_ep59,scale_ab_carpet_cardboard_heterogeneous_design1_30ep,replay_2026_05_23_DesignCycle1_scale_ab_carpet_cardboard_heterogeneous_design1_30ep.pt,carpet,15,14.992640454379483,175,0.9,30.0,7.714285714285714,0.63,0.0,5.3999999999999995,0.9,7.714285714285714,30.0
1,2026_05_23_DesignCycle1_ep59,scale_ab_carpet_cardboard_heterogeneous_design1_30ep,replay_2026_05_23_DesignCycle1_scale_ab_carpet_cardboard_heterogeneous_design1_30ep.pt,carpet,16,17.46580514019532,175,0.9,30.0,7.714285714285714,0.63,0.0,5.3999999999999995,0.9,7.714285714285714,30.0
1,2026_05_23_DesignCycle1_ep59,scale_ab_carpet_cardboard_heterogeneous_design1_30ep,replay_2026_05_23_DesignCycle1_scale_ab_carpet_cardboard_heterogeneous_design1_30ep.pt,carpet,17,15.999657354572935,175,0.9,30.0,7.714285714285714,0.63,0.0,5.3999999999999995,0.9,7.714285714285714,30.0
1,2026_05_23_DesignCycle1_ep59,scale_ab_carpet_cardboard_heterogeneous_design1_30ep,replay_2026_05_23_DesignCycle1_scale_ab_carpet_cardboard_heterogeneous_design1_30ep.pt,carpet,18,15.091810786399915,175,0.9,30.0,7.714285714285714,0.63,0.0,5.3999999999999995,0.9,7.714285714285714,30.0
1,2026_05_23_DesignCycle1_ep59,scale_ab_carpet_cardboard_heterogeneous_design1_30ep,replay_2026_05_23_DesignCycle1_scale_ab_carpet_cardboard_heterogeneous_design1_30ep.pt,carpet,19,17.147562524311603,175,0.9,30.0,7.714285714285714,0.63,0.0,5.3999999999999995,0.9,7.714285714285714,30.0
1,2026_05_23_DesignCycle1_ep59,scale_ab_carpet_cardboard_heterogeneous_design1_30ep,replay_2026_05_23_DesignCycle1_scale_ab_carpet_cardboard_heterogeneous_design1_30ep.pt,carpet,20,15.892093787272612,175,0.9,30.0,7.714285714285714,0.63,0.0,5.3999999999999995,0.9,7.714285714285714,30.0
1,2026_05_23_DesignCycle1_ep59,scale_ab_carpet_cardboard_heterogeneous_design1_30ep,replay_2026_05_23_DesignCycle1_scale_ab_carpet_cardboard_heterogeneous_design1_30ep.pt,carpet,21,15.807115039164657,175,0.9,30.0,7.714285714285714,0.63,0.0,5.3999999999999995,0.9,7.714285714285714,30.0
1,2026_05_23_DesignCycle1_ep59,scale_ab_carpet_cardboard_heterogeneous_design1_30ep,replay_2026_05_23_DesignCycle1_scale_ab_carpet_cardboard_heterogeneous_design1_30ep.pt,carpet,22,13.106899305676434,175,0.9,30.0,7.714285714285714,0.63,0.0,5.3999999999999995,0.9,7.714285714285714,30.0
1,2026_05_23_DesignCycle1_ep59,scale_ab_carpet_cardboard_heterogeneous_design1_30ep,replay_2026_05_23_DesignCycle1_scale_ab_carpet_cardboard_heterogeneous_design1_30ep.pt,carpet,23,14.560012327657644,175,0.9,30.0,7.714285714285714,0.63,0.0,5.3999999999999995,0.9,7.714285714285714,30.0
1,2026_05_23_DesignCycle1_ep59,scale_ab_carpet_cardboard_heterogeneous_design1_30ep,replay_2026_05_23_DesignCycle1_scale_ab_carpet_cardboard_heterogeneous_design1_30ep.pt,carpet,24,19.714933254315866,175,0.9,30.0,7.714285714285714,0.63,0.0,5.3999999999999995,0.9,7.714285714285714,30.0
1,2026_05_23_DesignCycle1_ep59,scale_ab_carpet_cardboard_heterogeneous_design1_30ep,replay_2026_05_23_DesignCycle1_scale_ab_carpet_cardboard_heterogeneous_design1_30ep.pt,carpet,25,25.4726995430887,175,0.9,30.0,7.714285714285714,0.63,0.0,5.3999999999999995,0.9,7.714285714285714,30.0
1,2026_05_23_DesignCycle1_ep59,scale_ab_carpet_cardboard_heterogeneous_design1_30ep,replay_2026_05_23_DesignCycle1_scale_ab_carpet_cardboard_heterogeneous_design1_30ep.pt,carpet,26,18.680376481198866,175,0.9,30.0,7.714285714285714,0.63,0.0,5.3999999999999995,0.9,7.714285714285714,30.0
1,2026_05_23_DesignCycle1_ep59,scale_ab_carpet_cardboard_heterogeneous_design1_30ep,replay_2026_05_23_DesignCycle1_scale_ab_carpet_cardboard_heterogeneous_design1_30ep.pt,carpet,27,17.434999098548925,175,0.9,30.0,7.714285714285714,0.63,0.0,5.3999999999999995,0.9,7.714285714285714,30.0
1,2026_05_23_DesignCycle1_ep59,scale_ab_carpet_cardboard_heterogeneous_design1_30ep,replay_2026_05_23_DesignCycle1_scale_ab_carpet_cardboard_heterogeneous_design1_30ep.pt,carpet,28,18.63429605871081,175,0.9,30.0,7.714285714285714,0.63,0.0,5.3999999999999995,0.9,7.714285714285714,30.0
2,2026_05_23_DesignCycle2_ep60,scale_ab_carpet_cardboard_heterogeneous_design2_30ep,replay_2026_05_23_DesignCycle2_scale_ab_carpet_cardboard_heterogeneous_design2_30ep.pt,cardboard,0,9.548774225170872,175,0.63,30.0,5.3999999999999995,0.9,0.0,7.714285714285714,0.63,5.3999999999999995,30.0
2,2026_05_23_DesignCycle2_ep60,scale_ab_carpet_cardboard_heterogeneous_design2_30ep,replay_2026_05_23_DesignCycle2_scale_ab_carpet_cardboard_heterogeneous_design2_30ep.pt,cardboard,1,-1.4473556387139757,175,0.63,30.0,5.3999999999999995,0.9,0.0,7.714285714285714,0.63,5.3999999999999995,30.0
2,2026_05_23_DesignCycle2_ep60,scale_ab_carpet_cardboard_heterogeneous_design2_30ep,replay_2026_05_23_DesignCycle2_scale_ab_carpet_cardboard_heterogeneous_design2_30ep.pt,cardboard,2,16.05697657127663,175,0.63,30.0,5.3999999999999995,0.9,0.0,7.714285714285714,0.63,5.3999999999999995,30.0
2,2026_05_23_DesignCycle2_ep60,scale_ab_carpet_cardboard_heterogeneous_design2_30ep,replay_2026_05_23_DesignCycle2_scale_ab_carpet_cardboard_heterogeneous_design2_30ep.pt,cardboard,3,13.846647341669204,175,0.63,30.0,5.3999999999999995,0.9,0.0,7.714285714285714,0.63,5.3999999999999995,30.0
2,2026_05_23_DesignCycle2_ep60,scale_ab_carpet_cardboard_heterogeneous_design2_30ep,replay_2026_05_23_DesignCycle2_scale_ab_carpet_cardboard_heterogeneous_design2_30ep.pt,cardboard,4,10.016970383671714,175,0.63,30.0,5.3999999999999995,0.9,0.0,7.714285714285714,0.63,5.3999999999999995,30.0
2,2026_05_23_DesignCycle2_ep60,scale_ab_carpet_cardboard_heterogeneous_design2_30ep,replay_2026_05_23_DesignCycle2_scale_ab_carpet_cardboard_heterogeneous_design2_30ep.pt,cardboard,5,10.192703941160055,175,0.63,30.0,5.3999999999999995,0.9,0.0,7.714285714285714,0.63,5.3999999999999995,30.0
2,2026_05_23_DesignCycle2_ep60,scale_ab_carpet_cardboard_heterogeneous_design2_30ep,replay_2026_05_23_DesignCycle2_scale_ab_carpet_cardboard_heterogeneous_design2_30ep.pt,cardboard,6,13.69760022387743,175,0.63,30.0,5.3999999999999995,0.9,0.0,7.714285714285714,0.63,5.3999999999999995,30.0
2,2026_05_23_DesignCycle2_ep60,scale_ab_carpet_cardboard_heterogeneous_design2_30ep,replay_2026_05_23_DesignCycle2_scale_ab_carpet_cardboard_heterogeneous_design2_30ep.pt,cardboard,7,8.05506440691249,175,0.63,30.0,5.3999999999999995,0.9,0.0,7.714285714285714,0.63,5.3999999999999995,30.0
2,2026_05_23_DesignCycle2_ep60,scale_ab_carpet_cardboard_heterogeneous_design2_30ep,replay_2026_05_23_DesignCycle2_scale_ab_carpet_cardboard_heterogeneous_design2_30ep.pt,cardboard,8,11.574497222336829,175,0.63,30.0,5.3999999999999995,0.9,0.0,7.714285714285714,0.63,5.3999999999999995,30.0
2,2026_05_23_DesignCycle2_ep60,scale_ab_carpet_cardboard_heterogeneous_design2_30ep,replay_2026_05_23_DesignCycle2_scale_ab_carpet_cardboard_heterogeneous_design2_30ep.pt,cardboard,9,9.382174793419402,175,0.63,30.0,5.3999999999999995,0.9,0.0,7.714285714285714,0.63,5.3999999999999995,30.0
2,2026_05_23_DesignCycle2_ep60,scale_ab_carpet_cardboard_heterogeneous_design2_30ep,replay_2026_05_23_DesignCycle2_scale_ab_carpet_cardboard_heterogeneous_design2_30ep.pt,cardboard,10,13.8725728928756,175,0.63,30.0,5.3999999999999995,0.9,0.0,7.714285714285714,0.63,5.3999999999999995,30.0
2,2026_05_23_DesignCycle2_ep60,scale_ab_carpet_cardboard_heterogeneous_design2_30ep,replay_2026_05_23_DesignCycle2_scale_ab_carpet_cardboard_heterogeneous_design2_30ep.pt,cardboard,11,9.015661706457104,175,0.63,30.0,5.3999999999999995,0.9,0.0,7.714285714285714,0.63,5.3999999999999995,30.0
2,2026_05_23_DesignCycle2_ep60,scale_ab_carpet_cardboard_heterogeneous_design2_30ep,replay_2026_05_23_DesignCycle2_scale_ab_carpet_cardboard_heterogeneous_design2_30ep.pt,cardboard,12,6.338274034063895,175,0.63,30.0,5.3999999999999995,0.9,0.0,7.714285714285714,0.63,5.3999999999999995,30.0
2,2026_05_23_DesignCycle2_ep60,scale_ab_carpet_cardboard_heterogeneous_design2_30ep,replay_2026_05_23_DesignCycle2_scale_ab_carpet_cardboard_heterogeneous_design2_30ep.pt,cardboard,13,6.323436052974954,175,0.63,30.0,5.3999999999999995,0.9,0.0,7.714285714285714,0.63,5.3999999999999995,30.0
2,2026_05_23_DesignCycle2_ep60,scale_ab_carpet_cardboard_heterogeneous_design2_30ep,replay_2026_05_23_DesignCycle2_scale_ab_carpet_cardboard_heterogeneous_design2_30ep.pt,cardboard,14,15.127652145972874,175,0.63,30.0,5.3999999999999995,0.9,0.0,7.714285714285714,0.63,5.3999999999999995,30.0
2,2026_05_23_DesignCycle2_ep60,scale_ab_carpet_cardboard_heterogeneous_design2_30ep,replay_2026_05_23_DesignCycle2_scale_ab_carpet_cardboard_heterogeneous_design2_30ep.pt,cardboard,15,6.753173952725453,175,0.63,30.0,5.3999999999999995,0.9,0.0,7.714285714285714,0.63,5.3999999999999995,30.0
2,2026_05_23_DesignCycle2_ep60,scale_ab_carpet_cardboard_heterogeneous_design2_30ep,replay_2026_05_23_DesignCycle2_scale_ab_carpet_cardboard_heterogeneous_design2_30ep.pt,cardboard,16,7.119144494542973,175,0.63,30.0,5.3999999999999995,0.9,0.0,7.714285714285714,0.63,5.3999999999999995,30.0
2,2026_05_23_DesignCycle2_ep60,scale_ab_carpet_cardboard_heterogeneous_design2_30ep,replay_2026_05_23_DesignCycle2_scale_ab_carpet_cardboard_heterogeneous_design2_30ep.pt,cardboard,17,7.9090390619312885,175,0.63,30.0,5.3999999999999995,0.9,0.0,7.714285714285714,0.63,5.3999999999999995,30.0
2,2026_05_23_DesignCycle2_ep60,scale_ab_carpet_cardboard_heterogeneous_design2_30ep,replay_2026_05_23_DesignCycle2_scale_ab_carpet_cardboard_heterogeneous_design2_30ep.pt,cardboard,18,-2.982573222637849,175,0.63,30.0,5.3999999999999995,0.9,0.0,7.714285714285714,0.63,5.3999999999999995,30.0
2,2026_05_23_DesignCycle2_ep60,scale_ab_carpet_cardboard_heterogeneous_design2_30ep,replay_2026_05_23_DesignCycle2_scale_ab_carpet_cardboard_heterogeneous_design2_30ep.pt,cardboard,19,7.957850300468404,175,0.63,30.0,5.3999999999999995,0.9,0.0,7.714285714285714,0.63,5.3999999999999995,30.0
2,2026_05_23_DesignCycle2_ep60,scale_ab_carpet_cardboard_heterogeneous_design2_30ep,replay_2026_05_23_DesignCycle2_scale_ab_carpet_cardboard_heterogeneous_design2_30ep.pt,cardboard,20,3.7036302025301975,175,0.63,30.0,5.3999999999999995,0.9,0.0,7.714285714285714,0.63,5.3999999999999995,30.0
2,2026_05_23_DesignCycle2_ep60,scale_ab_carpet_cardboard_heterogeneous_design2_30ep,replay_2026_05_23_DesignCycle2_scale_ab_carpet_cardboard_heterogeneous_design2_30ep.pt,cardboard,21,3.115305544213694,175,0.63,30.0,5.3999999999999995,0.9,0.0,7.714285714285714,0.63,5.3999999999999995,30.0
2,2026_05_23_DesignCycle2_ep60,scale_ab_carpet_cardboard_heterogeneous_design2_30ep,replay_2026_05_23_DesignCycle2_scale_ab_carpet_cardboard_heterogeneous_design2_30ep.pt,cardboard,22,5.223333985644053,175,0.63,30.0,5.3999999999999995,0.9,0.0,7.714285714285714,0.63,5.3999999999999995,30.0
2,2026_05_23_DesignCycle2_ep60,scale_ab_carpet_cardboard_heterogeneous_design2_30ep,replay_2026_05_23_DesignCycle2_scale_ab_carpet_cardboard_heterogeneous_design2_30ep.pt,cardboard,23,-3.6203823710634984,175,0.63,30.0,5.3999999999999995,0.9,0.0,7.714285714285714,0.63,5.3999999999999995,30.0
2,2026_05_23_DesignCycle2_ep60,scale_ab_carpet_cardboard_heterogeneous_design2_30ep,replay_2026_05_23_DesignCycle2_scale_ab_carpet_cardboard_heterogeneous_design2_30ep.pt,cardboard,24,5.471833404992304,175,0.63,30.0,5.3999999999999995,0.9,0.0,7.714285714285714,0.63,5.3999999999999995,30.0
2,2026_05_23_DesignCycle2_ep60,scale_ab_carpet_cardboard_heterogeneous_design2_30ep,replay_2026_05_23_DesignCycle2_scale_ab_carpet_cardboard_heterogeneous_design2_30ep.pt,cardboard,25,3.6937872598532375,175,0.63,30.0,5.3999999999999995,0.9,0.0,7.714285714285714,0.63,5.3999999999999995,30.0
2,2026_05_23_DesignCycle2_ep60,scale_ab_carpet_cardboard_heterogeneous_design2_30ep,replay_2026_05_23_DesignCycle2_scale_ab_carpet_cardboard_heterogeneous_design2_30ep.pt,cardboard,26,8.086298736887873,175,0.63,30.0,5.3999999999999995,0.9,0.0,7.714285714285714,0.63,5.3999999999999995,30.0
2,2026_05_23_DesignCycle2_ep60,scale_ab_carpet_cardboard_heterogeneous_design2_30ep,replay_2026_05_23_DesignCycle2_scale_ab_carpet_cardboard_heterogeneous_design2_30ep.pt,cardboard,27,-3.6369315302105094,175,0.63,30.0,5.3999999999999995,0.9,0.0,7.714285714285714,0.63,5.3999999999999995,30.0
2,2026_05_23_DesignCycle2_ep60,scale_ab_carpet_cardboard_heterogeneous_design2_30ep,replay_2026_05_23_DesignCycle2_scale_ab_carpet_cardboard_heterogeneous_design2_30ep.pt,cardboard,28,0.7720725194898771,175,0.63,30.0,5.3999999999999995,0.9,0.0,7.714285714285714,0.63,5.3999999999999995,30.0
2,2026_05_23_DesignCycle2_ep60,scale_ab_carpet_cardboard_heterogeneous_design2_30ep,replay_2026_05_23_DesignCycle2_scale_ab_carpet_cardboard_heterogeneous_design2_30ep.pt,cardboard,29,-2.2297792966685197,175,0.63,30.0,5.3999999999999995,0.9,0.0,7.714285714285714,0.63,5.3999999999999995,30.0
2,2026_05_23_DesignCycle2_ep60,scale_ab_carpet_cardboard_heterogeneous_design2_30ep,replay_2026_05_23_DesignCycle2_scale_ab_carpet_cardboard_heterogeneous_design2_30ep.pt,carpet,0,20.763314870160066,175,0.63,30.0,5.3999999999999995,0.9,0.0,7.714285714285714,0.63,5.3999999999999995,30.0
2,2026_05_23_DesignCycle2_ep60,scale_ab_carpet_cardboard_heterogeneous_design2_30ep,replay_2026_05_23_DesignCycle2_scale_ab_carpet_cardboard_heterogeneous_design2_30ep.pt,carpet,1,7.9726527585591525,175,0.63,30.0,5.3999999999999995,0.9,0.0,7.714285714285714,0.63,5.3999999999999995,30.0
2,2026_05_23_DesignCycle2_ep60,scale_ab_carpet_cardboard_heterogeneous_design2_30ep,replay_2026_05_23_DesignCycle2_scale_ab_carpet_cardboard_heterogeneous_design2_30ep.pt,carpet,2,23.56782090804617,175,0.63,30.0,5.3999999999999995,0.9,0.0,7.714285714285714,0.63,5.3999999999999995,30.0
2,2026_05_23_DesignCycle2_ep60,scale_ab_carpet_cardboard_heterogeneous_design2_30ep,replay_2026_05_23_DesignCycle2_scale_ab_carpet_cardboard_heterogeneous_design2_30ep.pt,carpet,3,23.947719039385312,175,0.63,30.0,5.3999999999999995,0.9,0.0,7.714285714285714,0.63,5.3999999999999995,30.0
2,2026_05_23_DesignCycle2_ep60,scale_ab_carpet_cardboard_heterogeneous_design2_30ep,replay_2026_05_23_DesignCycle2_scale_ab_carpet_cardboard_heterogeneous_design2_30ep.pt,carpet,4,20.841069318111547,175,0.63,30.0,5.3999999999999995,0.9,0.0,7.714285714285714,0.63,5.3999999999999995,30.0
2,2026_05_23_DesignCycle2_ep60,scale_ab_carpet_cardboard_heterogeneous_design2_30ep,replay_2026_05_23_DesignCycle2_scale_ab_carpet_cardboard_heterogeneous_design2_30ep.pt,carpet,5,14.219761911728611,175,0.63,30.0,5.3999999999999995,0.9,0.0,7.714285714285714,0.63,5.3999999999999995,30.0
2,2026_05_23_DesignCycle2_ep60,scale_ab_carpet_cardboard_heterogeneous_design2_30ep,replay_2026_05_23_DesignCycle2_scale_ab_carpet_cardboard_heterogeneous_design2_30ep.pt,carpet,6,16.859690518585804,175,0.63,30.0,5.3999999999999995,0.9,0.0,7.714285714285714,0.63,5.3999999999999995,30.0
2,2026_05_23_DesignCycle2_ep60,scale_ab_carpet_cardboard_heterogeneous_design2_30ep,replay_2026_05_23_DesignCycle2_scale_ab_carpet_cardboard_heterogeneous_design2_30ep.pt,carpet,7,15.012972055977887,175,0.63,30.0,5.3999999999999995,0.9,0.0,7.714285714285714,0.63,5.3999999999999995,30.0
2,2026_05_23_DesignCycle2_ep60,scale_ab_carpet_cardboard_heterogeneous_design2_30ep,replay_2026_05_23_DesignCycle2_scale_ab_carpet_cardboard_heterogeneous_design2_30ep.pt,carpet,8,16.001888560665336,175,0.63,30.0,5.3999999999999995,0.9,0.0,7.714285714285714,0.63,5.3999999999999995,30.0
2,2026_05_23_DesignCycle2_ep60,scale_ab_carpet_cardboard_heterogeneous_design2_30ep,replay_2026_05_23_DesignCycle2_scale_ab_carpet_cardboard_heterogeneous_design2_30ep.pt,carpet,9,20.194768246975634,175,0.63,30.0,5.3999999999999995,0.9,0.0,7.714285714285714,0.63,5.3999999999999995,30.0
2,2026_05_23_DesignCycle2_ep60,scale_ab_carpet_cardboard_heterogeneous_design2_30ep,replay_2026_05_23_DesignCycle2_scale_ab_carpet_cardboard_heterogeneous_design2_30ep.pt,carpet,10,16.57629702834281,175,0.63,30.0,5.3999999999999995,0.9,0.0,7.714285714285714,0.63,5.3999999999999995,30.0
2,2026_05_23_DesignCycle2_ep60,scale_ab_carpet_cardboard_heterogeneous_design2_30ep,replay_2026_05_23_DesignCycle2_scale_ab_carpet_cardboard_heterogeneous_design2_30ep.pt,carpet,11,17.532797703376662,175,0.63,30.0,5.3999999999999995,0.9,0.0,7.714285714285714,0.63,5.3999999999999995,30.0
2,2026_05_23_DesignCycle2_ep60,scale_ab_carpet_cardboard_heterogeneous_design2_30ep,replay_2026_05_23_DesignCycle2_scale_ab_carpet_cardboard_heterogeneous_design2_30ep.pt,carpet,12,18.218341728404575,175,0.63,30.0,5.3999999999999995,0.9,0.0,7.714285714285714,0.63,5.3999999999999995,30.0
2,2026_05_23_DesignCycle2_ep60,scale_ab_carpet_cardboard_heterogeneous_design2_30ep,replay_2026_05_23_DesignCycle2_scale_ab_carpet_cardboard_heterogeneous_design2_30ep.pt,carpet,13,20.26909452377217,175,0.63,30.0,5.3999999999999995,0.9,0.0,7.714285714285714,0.63,5.3999999999999995,30.0
2,2026_05_23_DesignCycle2_ep60,scale_ab_carpet_cardboard_heterogeneous_design2_30ep,replay_2026_05_23_DesignCycle2_scale_ab_carpet_cardboard_heterogeneous_design2_30ep.pt,carpet,14,19.545543663549225,175,0.63,30.0,5.3999999999999995,0.9,0.0,7.714285714285714,0.63,5.3999999999999995,30.0
2,2026_05_23_DesignCycle2_ep60,scale_ab_carpet_cardboard_heterogeneous_design2_30ep,replay_2026_05_23_DesignCycle2_scale_ab_carpet_cardboard_heterogeneous_design2_30ep.pt,carpet,15,18.271413408831272,175,0.63,30.0,5.3999999999999995,0.9,0.0,7.714285714285714,0.63,5.3999999999999995,30.0
2,2026_05_23_DesignCycle2_ep60,scale_ab_carpet_cardboard_heterogeneous_design2_30ep,replay_2026_05_23_DesignCycle2_scale_ab_carpet_cardboard_heterogeneous_design2_30ep.pt,carpet,16,18.27456684923254,175,0.63,30.0,5.3999999999999995,0.9,0.0,7.714285714285714,0.63,5.3999999999999995,30.0
2,2026_05_23_DesignCycle2_ep60,scale_ab_carpet_cardboard_heterogeneous_design2_30ep,replay_2026_05_23_DesignCycle2_scale_ab_carpet_cardboard_heterogeneous_design2_30ep.pt,carpet,17,16.29877090819593,175,0.63,30.0,5.3999999999999995,0.9,0.0,7.714285714285714,0.63,5.3999999999999995,30.0
2,2026_05_23_DesignCycle2_ep60,scale_ab_carpet_cardboard_heterogeneous_design2_30ep,replay_2026_05_23_DesignCycle2_scale_ab_carpet_cardboard_heterogeneous_design2_30ep.pt,carpet,18,18.481264985644437,175,0.63,30.0,5.3999999999999995,0.9,0.0,7.714285714285714,0.63,5.3999999999999995,30.0
2,2026_05_23_DesignCycle2_ep60,scale_ab_carpet_cardboard_heterogeneous_design2_30ep,replay_2026_05_23_DesignCycle2_scale_ab_carpet_cardboard_heterogeneous_design2_30ep.pt,carpet,19,17.918014544587628,175,0.63,30.0,5.3999999999999995,0.9,0.0,7.714285714285714,0.63,5.3999999999999995,30.0
2,2026_05_23_DesignCycle2_ep60,scale_ab_carpet_cardboard_heterogeneous_design2_30ep,replay_2026_05_23_DesignCycle2_scale_ab_carpet_cardboard_heterogeneous_design2_30ep.pt,carpet,20,15.906857907562761,175,0.63,30.0,5.3999999999999995,0.9,0.0,7.714285714285714,0.63,5.3999999999999995,30.0
2,2026_05_23_DesignCycle2_ep60,scale_ab_carpet_cardboard_heterogeneous_design2_30ep,replay_2026_05_23_DesignCycle2_scale_ab_carpet_cardboard_heterogeneous_design2_30ep.pt,carpet,21,21.902190845301725,175,0.63,30.0,5.3999999999999995,0.9,0.0,7.714285714285714,0.63,5.3999999999999995,30.0
2,2026_05_23_DesignCycle2_ep60,scale_ab_carpet_cardboard_heterogeneous_design2_30ep,replay_2026_05_23_DesignCycle2_scale_ab_carpet_cardboard_heterogeneous_design2_30ep.pt,carpet,22,21.073641384059986,175,0.63,30.0,5.3999999999999995,0.9,0.0,7.714285714285714,0.63,5.3999999999999995,30.0
2,2026_05_23_DesignCycle2_ep60,scale_ab_carpet_cardboard_heterogeneous_design2_30ep,replay_2026_05_23_DesignCycle2_scale_ab_carpet_cardboard_heterogeneous_design2_30ep.pt,carpet,23,21.65503795878081,175,0.63,30.0,5.3999999999999995,0.9,0.0,7.714285714285714,0.63,5.3999999999999995,30.0
2,2026_05_23_DesignCycle2_ep60,scale_ab_carpet_cardboard_heterogeneous_design2_30ep,replay_2026_05_23_DesignCycle2_scale_ab_carpet_cardboard_heterogeneous_design2_30ep.pt,carpet,24,17.167709764717696,175,0.63,30.0,5.3999999999999995,0.9,0.0,7.714285714285714,0.63,5.3999999999999995,30.0
2,2026_05_23_DesignCycle2_ep60,scale_ab_carpet_cardboard_heterogeneous_design2_30ep,replay_2026_05_23_DesignCycle2_scale_ab_carpet_cardboard_heterogeneous_design2_30ep.pt,carpet,25,22.133970266835522,175,0.63,30.0,5.3999999999999995,0.9,0.0,7.714285714285714,0.63,5.3999999999999995,30.0
2,2026_05_23_DesignCycle2_ep60,scale_ab_carpet_cardboard_heterogeneous_design2_30ep,replay_2026_05_23_DesignCycle2_scale_ab_carpet_cardboard_heterogeneous_design2_30ep.pt,carpet,26,27.66128089491399,175,0.63,30.0,5.3999999999999995,0.9,0.0,7.714285714285714,0.63,5.3999999999999995,30.0
2,2026_05_23_DesignCycle2_ep60,scale_ab_carpet_cardboard_heterogeneous_design2_30ep,replay_2026_05_23_DesignCycle2_scale_ab_carpet_cardboard_heterogeneous_design2_30ep.pt,carpet,27,15.470025928854605,175,0.63,30.0,5.3999999999999995,0.9,0.0,7.714285714285714,0.63,5.3999999999999995,30.0
2,2026_05_23_DesignCycle2_ep60,scale_ab_carpet_cardboard_heterogeneous_design2_30ep,replay_2026_05_23_DesignCycle2_scale_ab_carpet_cardboard_heterogeneous_design2_30ep.pt,carpet,28,20.814716716229878,175,0.63,30.0,5.3999999999999995,0.9,0.0,7.714285714285714,0.63,5.3999999999999995,30.0
2,2026_05_23_DesignCycle2_ep60,scale_ab_carpet_cardboard_heterogeneous_design2_30ep,replay_2026_05_23_DesignCycle2_scale_ab_carpet_cardboard_heterogeneous_design2_30ep.pt,carpet,29,16.95342177544581,175,0.63,30.0,5.3999999999999995,0.9,0.0,7.714285714285714,0.63,5.3999999999999995,30.0
